target_week_date,facility_id,semiconductor_id,predicted_demand,interval_lower_90,interval_upper_90,horizon_weeks
2025-10-12,FACILITY_1,SEMICONDUCTOR_1,2109.75,1633.73,2585.76,1
2025-10-12,FACILITY_1,SEMICONDUCTOR_10,430.59,0.00,906.61,1
2025-10-12,FACILITY_1,SEMICONDUCTOR_11,637.99,161.97,1114.00,1
2025-10-12,FACILITY_1,SEMICONDUCTOR_12,898.21,422.19,1374.22,1
2025-10-12,FACILITY_1,SEMICONDUCTOR_2,2664.23,2188.22,3140.24,1
2025-10-12,FACILITY_1,SEMICONDUCTOR_3,1976.96,1500.95,2452.98,1
2025-10-12,FACILITY_1,SEMICONDUCTOR_4,2117.46,1641.44,2593.47,1
2025-10-12,FACILITY_1,SEMICONDUCTOR_5,1270.32,794.30,1746.33,1
2025-10-12,FACILITY_1,SEMICONDUCTOR_6,1205.86,729.84,1681.87,1
2025-10-12,FACILITY_1,SEMICONDUCTOR_7,960.24,484.23,1436.26,1
2025-10-12,FACILITY_1,SEMICONDUCTOR_8,1147.78,671.77,1623.80,1
2025-10-12,FACILITY_1,SEMICONDUCTOR_9,973.82,497.81,1449.83,1
2025-10-12,FACILITY_2,SEMICONDUCTOR_1,1992.47,1516.46,2468.48,1
2025-10-12,FACILITY_2,SEMICONDUCTOR_10,439.91,0.00,915.92,1
2025-10-12,FACILITY_2,SEMICONDUCTOR_11,679.80,203.78,1155.81,1
2025-10-12,FACILITY_2,SEMICONDUCTOR_12,924.31,448.30,1400.33,1
2025-10-12,FACILITY_2,SEMICONDUCTOR_2,2071.23,1595.22,2547.25,1
2025-10-12,FACILITY_2,SEMICONDUCTOR_3,1537.04,1061.02,2013.05,1
2025-10-12,FACILITY_2,SEMICONDUCTOR_4,1349.29,873.28,1825.31,1
2025-10-12,FACILITY_2,SEMICONDUCTOR_5,1100.62,624.60,1576.63,1
2025-10-12,FACILITY_2,SEMICONDUCTOR_6,971.11,495.09,1447.12,1
2025-10-12,FACILITY_2,SEMICONDUCTOR_7,707.95,231.94,1183.97,1
2025-10-12,FACILITY_2,SEMICONDUCTOR_8,777.73,301.71,1253.74,1
2025-10-12,FACILITY_2,SEMICONDUCTOR_9,1006.20,530.18,1482.21,1
2025-10-12,FACILITY_3,SEMICONDUCTOR_1,2056.77,1580.75,2532.78,1
2025-10-12,FACILITY_3,SEMICONDUCTOR_10,327.06,0.00,803.07,1
2025-10-12,FACILITY_3,SEMICONDUCTOR_11,545.70,69.69,1021.72,1
2025-10-12,FACILITY_3,SEMICONDUCTOR_12,921.78,445.76,1397.79,1
2025-10-12,FACILITY_3,SEMICONDUCTOR_2,1790.76,1314.75,2266.78,1
2025-10-12,FACILITY_3,SEMICONDUCTOR_3,1637.06,1161.05,2113.07,1
2025-10-12,FACILITY_3,SEMICONDUCTOR_4,1271.55,795.53,1747.56,1
2025-10-12,FACILITY_3,SEMICONDUCTOR_5,717.89,241.88,1193.91,1
2025-10-12,FACILITY_3,SEMICONDUCTOR_6,930.43,454.42,1406.45,1
2025-10-12,FACILITY_3,SEMICONDUCTOR_7,900.03,424.01,1376.04,1
2025-10-12,FACILITY_3,SEMICONDUCTOR_8,774.30,298.29,1250.32,1
2025-10-12,FACILITY_3,SEMICONDUCTOR_9,936.67,460.65,1412.68,1
2025-10-12,FACILITY_4,SEMICONDUCTOR_1,993.23,517.22,1469.24,1
2025-10-12,FACILITY_4,SEMICONDUCTOR_10,308.72,0.00,784.74,1
2025-10-12,FACILITY_4,SEMICONDUCTOR_11,573.55,97.54,1049.57,1
2025-10-12,FACILITY_4,SEMICONDUCTOR_12,770.30,294.29,1246.32,1
2025-10-12,FACILITY_4,SEMICONDUCTOR_2,2064.89,1588.88,2540.91,1
2025-10-12,FACILITY_4,SEMICONDUCTOR_3,1247.82,771.80,1723.83,1
2025-10-12,FACILITY_4,SEMICONDUCTOR_4,1335.18,859.17,1811.19,1
2025-10-12,FACILITY_4,SEMICONDUCTOR_5,926.20,450.19,1402.22,1
2025-10-12,FACILITY_4,SEMICONDUCTOR_6,954.09,478.08,1430.11,1
2025-10-12,FACILITY_4,SEMICONDUCTOR_7,757.99,281.98,1234.00,1
2025-10-12,FACILITY_4,SEMICONDUCTOR_8,794.59,318.58,1270.60,1
2025-10-12,FACILITY_4,SEMICONDUCTOR_9,939.64,463.62,1415.65,1
2025-10-19,FACILITY_1,SEMICONDUCTOR_1,2017.10,1541.08,2493.11,2
2025-10-19,FACILITY_1,SEMICONDUCTOR_10,434.82,0.00,910.84,2
2025-10-19,FACILITY_1,SEMICONDUCTOR_11,670.87,194.86,1146.88,2
2025-10-19,FACILITY_1,SEMICONDUCTOR_12,947.71,471.70,1423.72,2
2025-10-19,FACILITY_1,SEMICONDUCTOR_2,2414.41,1938.39,2890.42,2
2025-10-19,FACILITY_1,SEMICONDUCTOR_3,1894.91,1418.90,2370.92,2
2025-10-19,FACILITY_1,SEMICONDUCTOR_4,1941.73,1465.72,2417.75,2
2025-10-19,FACILITY_1,SEMICONDUCTOR_5,1233.31,757.30,1709.33,2
2025-10-19,FACILITY_1,SEMICONDUCTOR_6,1042.93,566.92,1518.95,2
2025-10-19,FACILITY_1,SEMICONDUCTOR_7,951.45,475.43,1427.46,2
2025-10-19,FACILITY_1,SEMICONDUCTOR_8,1072.29,596.28,1548.30,2
2025-10-19,FACILITY_1,SEMICONDUCTOR_9,980.59,504.57,1456.60,2
2025-10-19,FACILITY_2,SEMICONDUCTOR_1,1987.91,1511.89,2463.92,2
2025-10-19,FACILITY_2,SEMICONDUCTOR_10,472.63,0.00,948.65,2
2025-10-19,FACILITY_2,SEMICONDUCTOR_11,716.91,240.89,1192.92,2
2025-10-19,FACILITY_2,SEMICONDUCTOR_12,935.88,459.87,1411.90,2
2025-10-19,FACILITY_2,SEMICONDUCTOR_2,2006.54,1530.53,2482.55,2
2025-10-19,FACILITY_2,SEMICONDUCTOR_3,1551.22,1075.20,2027.23,2
2025-10-19,FACILITY_2,SEMICONDUCTOR_4,1254.22,778.21,1730.23,2
2025-10-19,FACILITY_2,SEMICONDUCTOR_5,1065.68,589.66,1541.69,2
2025-10-19,FACILITY_2,SEMICONDUCTOR_6,991.49,515.48,1467.51,2
2025-10-19,FACILITY_2,SEMICONDUCTOR_7,767.72,291.70,1243.73,2
2025-10-19,FACILITY_2,SEMICONDUCTOR_8,836.12,360.11,1312.13,2
2025-10-19,FACILITY_2,SEMICONDUCTOR_9,1045.13,569.12,1521.14,2
2025-10-19,FACILITY_3,SEMICONDUCTOR_1,1953.30,1477.29,2429.32,2
2025-10-19,FACILITY_3,SEMICONDUCTOR_10,363.60,0.00,839.61,2
2025-10-19,FACILITY_3,SEMICONDUCTOR_11,574.64,98.63,1050.66,2
2025-10-19,FACILITY_3,SEMICONDUCTOR_12,907.33,431.32,1383.35,2
2025-10-19,FACILITY_3,SEMICONDUCTOR_2,1740.17,1264.16,2216.18,2
2025-10-19,FACILITY_3,SEMICONDUCTOR_3,1622.12,1146.11,2098.14,2
2025-10-19,FACILITY_3,SEMICONDUCTOR_4,1117.33,641.32,1593.35,2
2025-10-19,FACILITY_3,SEMICONDUCTOR_5,775.76,299.74,1251.77,2
2025-10-19,FACILITY_3,SEMICONDUCTOR_6,955.68,479.67,1431.70,2
2025-10-19,FACILITY_3,SEMICONDUCTOR_7,904.78,428.77,1380.79,2
2025-10-19,FACILITY_3,SEMICONDUCTOR_8,805.25,329.24,1281.26,2
2025-10-19,FACILITY_3,SEMICONDUCTOR_9,952.75,476.74,1428.77,2
2025-10-19,FACILITY_4,SEMICONDUCTOR_1,1179.20,703.18,1655.21,2
2025-10-19,FACILITY_4,SEMICONDUCTOR_10,352.36,0.00,828.38,2
2025-10-19,FACILITY_4,SEMICONDUCTOR_11,606.11,130.09,1082.12,2
2025-10-19,FACILITY_4,SEMICONDUCTOR_12,812.68,336.67,1288.69,2
2025-10-19,FACILITY_4,SEMICONDUCTOR_2,1977.97,1501.95,2453.98,2
2025-10-19,FACILITY_4,SEMICONDUCTOR_3,1208.63,732.62,1684.64,2
2025-10-19,FACILITY_4,SEMICONDUCTOR_4,1232.88,756.87,1708.89,2
2025-10-19,FACILITY_4,SEMICONDUCTOR_5,993.67,517.65,1469.68,2
2025-10-19,FACILITY_4,SEMICONDUCTOR_6,880.70,404.68,1356.71,2
2025-10-19,FACILITY_4,SEMICONDUCTOR_7,748.63,272.62,1224.65,2
2025-10-19,FACILITY_4,SEMICONDUCTOR_8,813.02,337.00,1289.03,2
2025-10-19,FACILITY_4,SEMICONDUCTOR_9,904.70,428.69,1380.72,2
2025-10-26,FACILITY_1,SEMICONDUCTOR_1,1999.21,1523.19,2475.22,3
2025-10-26,FACILITY_1,SEMICONDUCTOR_10,359.27,0.00,835.29,3
2025-10-26,FACILITY_1,SEMICONDUCTOR_11,531.98,55.97,1008.00,3
2025-10-26,FACILITY_1,SEMICONDUCTOR_12,699.04,223.03,1175.06,3
2025-10-26,FACILITY_1,SEMICONDUCTOR_2,2201.84,1725.83,2677.86,3
2025-10-26,FACILITY_1,SEMICONDUCTOR_3,1702.03,1226.02,2178.04,3
2025-10-26,FACILITY_1,SEMICONDUCTOR_4,1779.17,1303.16,2255.18,3
2025-10-26,FACILITY_1,SEMICONDUCTOR_5,1169.46,693.45,1645.48,3
2025-10-26,FACILITY_1,SEMICONDUCTOR_6,888.48,412.47,1364.50,3
2025-10-26,FACILITY_1,SEMICONDUCTOR_7,822.86,346.85,1298.88,3
2025-10-26,FACILITY_1,SEMICONDUCTOR_8,817.67,341.66,1293.68,3
2025-10-26,FACILITY_1,SEMICONDUCTOR_9,822.38,346.36,1298.39,3
2025-10-26,FACILITY_2,SEMICONDUCTOR_1,1858.98,1382.97,2335.00,3
2025-10-26,FACILITY_2,SEMICONDUCTOR_10,378.21,0.00,854.22,3
2025-10-26,FACILITY_2,SEMICONDUCTOR_11,580.02,104.00,1056.03,3
2025-10-26,FACILITY_2,SEMICONDUCTOR_12,727.82,251.80,1203.83,3
2025-10-26,FACILITY_2,SEMICONDUCTOR_2,1820.51,1344.50,2296.53,3
2025-10-26,FACILITY_2,SEMICONDUCTOR_3,1345.47,869.46,1821.49,3
2025-10-26,FACILITY_2,SEMICONDUCTOR_4,993.66,517.65,1469.67,3
2025-10-26,FACILITY_2,SEMICONDUCTOR_5,856.75,380.74,1332.77,3
2025-10-26,FACILITY_2,SEMICONDUCTOR_6,733.07,257.05,1209.08,3
2025-10-26,FACILITY_2,SEMICONDUCTOR_7,649.26,173.24,1125.27,3
2025-10-26,FACILITY_2,SEMICONDUCTOR_8,722.26,246.24,1198.27,3
2025-10-26,FACILITY_2,SEMICONDUCTOR_9,800.30,324.29,1276.31,3
2025-10-26,FACILITY_3,SEMICONDUCTOR_1,1831.50,1355.49,2307.51,3
2025-10-26,FACILITY_3,SEMICONDUCTOR_10,253.46,0.00,729.47,3
2025-10-26,FACILITY_3,SEMICONDUCTOR_11,446.25,0.00,922.26,3
2025-10-26,FACILITY_3,SEMICONDUCTOR_12,726.53,250.52,1202.55,3
2025-10-26,FACILITY_3,SEMICONDUCTOR_2,1715.47,1239.45,2191.48,3
2025-10-26,FACILITY_3,SEMICONDUCTOR_3,1488.88,1012.86,1964.89,3
2025-10-26,FACILITY_3,SEMICONDUCTOR_4,946.74,470.73,1422.76,3
2025-10-26,FACILITY_3,SEMICONDUCTOR_5,657.83,181.82,1133.84,3
2025-10-26,FACILITY_3,SEMICONDUCTOR_6,770.30,294.29,1246.31,3
2025-10-26,FACILITY_3,SEMICONDUCTOR_7,810.71,334.70,1286.73,3
2025-10-26,FACILITY_3,SEMICONDUCTOR_8,673.49,197.47,1149.50,3
2025-10-26,FACILITY_3,SEMICONDUCTOR_9,714.33,238.32,1190.35,3
2025-10-26,FACILITY_4,SEMICONDUCTOR_1,955.64,479.63,1431.66,3
2025-10-26,FACILITY_4,SEMICONDUCTOR_10,255.28,0.00,731.29,3
2025-10-26,FACILITY_4,SEMICONDUCTOR_11,490.75,14.73,966.76,3
2025-10-26,FACILITY_4,SEMICONDUCTOR_12,651.45,175.44,1127.46,3
2025-10-26,FACILITY_4,SEMICONDUCTOR_2,1765.50,1289.48,2241.51,3
2025-10-26,FACILITY_4,SEMICONDUCTOR_3,947.41,471.40,1423.42,3
2025-10-26,FACILITY_4,SEMICONDUCTOR_4,970.52,494.51,1446.54,3
2025-10-26,FACILITY_4,SEMICONDUCTOR_5,736.93,260.92,1212.95,3
2025-10-26,FACILITY_4,SEMICONDUCTOR_6,714.34,238.33,1190.35,3
2025-10-26,FACILITY_4,SEMICONDUCTOR_7,647.41,171.40,1123.42,3
2025-10-26,FACILITY_4,SEMICONDUCTOR_8,684.37,208.36,1160.39,3
2025-10-26,FACILITY_4,SEMICONDUCTOR_9,711.71,235.69,1187.72,3
2025-11-02,FACILITY_1,SEMICONDUCTOR_1,2246.78,1770.77,2722.80,4
2025-11-02,FACILITY_1,SEMICONDUCTOR_10,519.10,43.08,995.11,4
2025-11-02,FACILITY_1,SEMICONDUCTOR_11,650.49,174.48,1126.50,4
2025-11-02,FACILITY_1,SEMICONDUCTOR_12,896.08,420.07,1372.09,4
2025-11-02,FACILITY_1,SEMICONDUCTOR_2,2316.39,1840.37,2792.40,4
2025-11-02,FACILITY_1,SEMICONDUCTOR_3,1886.76,1410.74,2362.77,4
2025-11-02,FACILITY_1,SEMICONDUCTOR_4,2016.54,1540.52,2492.55,4
2025-11-02,FACILITY_1,SEMICONDUCTOR_5,1310.64,834.63,1786.65,4
2025-11-02,FACILITY_1,SEMICONDUCTOR_6,1093.21,617.19,1569.22,4
2025-11-02,FACILITY_1,SEMICONDUCTOR_7,964.64,488.62,1440.65,4
2025-11-02,FACILITY_1,SEMICONDUCTOR_8,1032.05,556.04,1508.06,4
2025-11-02,FACILITY_1,SEMICONDUCTOR_9,995.52,519.51,1471.54,4
2025-11-02,FACILITY_2,SEMICONDUCTOR_1,2086.88,1610.86,2562.89,4
2025-11-02,FACILITY_2,SEMICONDUCTOR_10,518.16,42.14,994.17,4
2025-11-02,FACILITY_2,SEMICONDUCTOR_11,752.51,276.50,1228.53,4
2025-11-02,FACILITY_2,SEMICONDUCTOR_12,887.56,411.55,1363.58,4
2025-11-02,FACILITY_2,SEMICONDUCTOR_2,2093.69,1617.67,2569.70,4
2025-11-02,FACILITY_2,SEMICONDUCTOR_3,1619.25,1143.24,2095.27,4
2025-11-02,FACILITY_2,SEMICONDUCTOR_4,1254.41,778.39,1730.42,4
2025-11-02,FACILITY_2,SEMICONDUCTOR_5,1057.51,581.49,1533.52,4
2025-11-02,FACILITY_2,SEMICONDUCTOR_6,892.57,416.56,1368.58,4
2025-11-02,FACILITY_2,SEMICONDUCTOR_7,798.58,322.57,1274.59,4
2025-11-02,FACILITY_2,SEMICONDUCTOR_8,824.08,348.07,1300.09,4
2025-11-02,FACILITY_2,SEMICONDUCTOR_9,1031.86,555.85,1507.88,4
2025-11-02,FACILITY_3,SEMICONDUCTOR_1,2081.55,1605.53,2557.56,4
2025-11-02,FACILITY_3,SEMICONDUCTOR_10,406.94,0.00,882.95,4
2025-11-02,FACILITY_3,SEMICONDUCTOR_11,586.29,110.28,1062.31,4
2025-11-02,FACILITY_3,SEMICONDUCTOR_12,890.64,414.63,1366.65,4
2025-11-02,FACILITY_3,SEMICONDUCTOR_2,1890.11,1414.10,2366.12,4
2025-11-02,FACILITY_3,SEMICONDUCTOR_3,1663.44,1187.43,2139.46,4
2025-11-02,FACILITY_3,SEMICONDUCTOR_4,1212.66,736.65,1688.67,4
2025-11-02,FACILITY_3,SEMICONDUCTOR_5,801.58,325.57,1277.60,4
2025-11-02,FACILITY_3,SEMICONDUCTOR_6,901.43,425.42,1377.44,4
2025-11-02,FACILITY_3,SEMICONDUCTOR_7,956.49,480.48,1432.51,4
2025-11-02,FACILITY_3,SEMICONDUCTOR_8,815.96,339.95,1291.97,4
2025-11-02,FACILITY_3,SEMICONDUCTOR_9,893.71,417.70,1369.73,4
2025-11-02,FACILITY_4,SEMICONDUCTOR_1,1287.98,811.96,1763.99,4
2025-11-02,FACILITY_4,SEMICONDUCTOR_10,415.28,0.00,891.29,4
2025-11-02,FACILITY_4,SEMICONDUCTOR_11,633.28,157.27,1109.29,4
2025-11-02,FACILITY_4,SEMICONDUCTOR_12,822.80,346.79,1298.81,4
2025-11-02,FACILITY_4,SEMICONDUCTOR_2,2061.30,1585.29,2537.31,4
2025-11-02,FACILITY_4,SEMICONDUCTOR_3,1274.14,798.12,1750.15,4
2025-11-02,FACILITY_4,SEMICONDUCTOR_4,1289.94,813.93,1765.96,4
2025-11-02,FACILITY_4,SEMICONDUCTOR_5,975.43,499.41,1451.44,4
2025-11-02,FACILITY_4,SEMICONDUCTOR_6,891.33,415.32,1367.35,4
2025-11-02,FACILITY_4,SEMICONDUCTOR_7,777.43,301.42,1253.44,4
2025-11-02,FACILITY_4,SEMICONDUCTOR_8,814.27,338.26,1290.28,4
2025-11-02,FACILITY_4,SEMICONDUCTOR_9,874.26,398.25,1350.28,4
2025-11-09,FACILITY_1,SEMICONDUCTOR_1,2187.99,1711.97,2664.00,5
2025-11-09,FACILITY_1,SEMICONDUCTOR_10,449.81,0.00,925.82,5
2025-11-09,FACILITY_1,SEMICONDUCTOR_11,621.60,145.58,1097.61,5
2025-11-09,FACILITY_1,SEMICONDUCTOR_12,857.90,381.89,1333.92,5
2025-11-09,FACILITY_1,SEMICONDUCTOR_2,2283.43,1807.42,2759.45,5
2025-11-09,FACILITY_1,SEMICONDUCTOR_3,1815.14,1339.12,2291.15,5
2025-11-09,FACILITY_1,SEMICONDUCTOR_4,1897.93,1421.92,2373.94,5
2025-11-09,FACILITY_1,SEMICONDUCTOR_5,1227.93,751.92,1703.94,5
2025-11-09,FACILITY_1,SEMICONDUCTOR_6,991.57,515.56,1467.59,5
2025-11-09,FACILITY_1,SEMICONDUCTOR_7,903.51,427.50,1379.53,5
2025-11-09,FACILITY_1,SEMICONDUCTOR_8,955.40,479.38,1431.41,5
2025-11-09,FACILITY_1,SEMICONDUCTOR_9,920.63,444.61,1396.64,5
2025-11-09,FACILITY_2,SEMICONDUCTOR_1,1953.15,1477.14,2429.17,5
2025-11-09,FACILITY_2,SEMICONDUCTOR_10,495.00,18.99,971.01,5
2025-11-09,FACILITY_2,SEMICONDUCTOR_11,700.43,224.41,1176.44,5
2025-11-09,FACILITY_2,SEMICONDUCTOR_12,841.77,365.75,1317.78,5
2025-11-09,FACILITY_2,SEMICONDUCTOR_2,1988.94,1512.92,2464.95,5
2025-11-09,FACILITY_2,SEMICONDUCTOR_3,1441.03,965.02,1917.05,5
2025-11-09,FACILITY_2,SEMICONDUCTOR_4,1101.17,625.15,1577.18,5
2025-11-09,FACILITY_2,SEMICONDUCTOR_5,1010.34,534.32,1486.35,5
2025-11-09,FACILITY_2,SEMICONDUCTOR_6,842.74,366.72,1318.75,5
2025-11-09,FACILITY_2,SEMICONDUCTOR_7,779.74,303.73,1255.75,5
2025-11-09,FACILITY_2,SEMICONDUCTOR_8,772.86,296.85,1248.87,5
2025-11-09,FACILITY_2,SEMICONDUCTOR_9,942.15,466.14,1418.17,5
2025-11-09,FACILITY_3,SEMICONDUCTOR_1,1956.41,1480.40,2432.43,5
2025-11-09,FACILITY_3,SEMICONDUCTOR_10,359.94,0.00,835.96,5
2025-11-09,FACILITY_3,SEMICONDUCTOR_11,568.24,92.23,1044.25,5
2025-11-09,FACILITY_3,SEMICONDUCTOR_12,809.15,333.13,1285.16,5
2025-11-09,FACILITY_3,SEMICONDUCTOR_2,1783.02,1307.01,2259.03,5
2025-11-09,FACILITY_3,SEMICONDUCTOR_3,1651.62,1175.61,2127.64,5
2025-11-09,FACILITY_3,SEMICONDUCTOR_4,1082.31,606.30,1558.32,5
2025-11-09,FACILITY_3,SEMICONDUCTOR_5,770.95,294.93,1246.96,5
2025-11-09,FACILITY_3,SEMICONDUCTOR_6,888.59,412.57,1364.60,5
2025-11-09,FACILITY_3,SEMICONDUCTOR_7,878.64,402.63,1354.65,5
2025-11-09,FACILITY_3,SEMICONDUCTOR_8,787.23,311.21,1263.24,5
2025-11-09,FACILITY_3,SEMICONDUCTOR_9,831.73,355.72,1307.75,5
2025-11-09,FACILITY_4,SEMICONDUCTOR_1,1202.13,726.11,1678.14,5
2025-11-09,FACILITY_4,SEMICONDUCTOR_10,365.28,0.00,841.29,5
2025-11-09,FACILITY_4,SEMICONDUCTOR_11,608.14,132.13,1084.16,5
2025-11-09,FACILITY_4,SEMICONDUCTOR_12,790.23,314.22,1266.24,5
2025-11-09,FACILITY_4,SEMICONDUCTOR_2,1954.10,1478.08,2430.11,5
2025-11-09,FACILITY_4,SEMICONDUCTOR_3,1123.27,647.26,1599.28,5
2025-11-09,FACILITY_4,SEMICONDUCTOR_4,1155.51,679.50,1631.53,5
2025-11-09,FACILITY_4,SEMICONDUCTOR_5,890.38,414.37,1366.40,5
2025-11-09,FACILITY_4,SEMICONDUCTOR_6,826.05,350.04,1302.07,5
2025-11-09,FACILITY_4,SEMICONDUCTOR_7,747.47,271.46,1223.49,5
2025-11-09,FACILITY_4,SEMICONDUCTOR_8,758.00,281.98,1234.01,5
2025-11-09,FACILITY_4,SEMICONDUCTOR_9,826.37,350.35,1302.38,5
2025-11-16,FACILITY_1,SEMICONDUCTOR_1,2360.26,1884.25,2836.28,6
2025-11-16,FACILITY_1,SEMICONDUCTOR_10,544.45,68.44,1020.46,6
2025-11-16,FACILITY_1,SEMICONDUCTOR_11,681.19,205.18,1157.20,6
2025-11-16,FACILITY_1,SEMICONDUCTOR_12,982.54,506.52,1458.55,6
2025-11-16,FACILITY_1,SEMICONDUCTOR_2,2435.51,1959.49,2911.52,6
2025-11-16,FACILITY_1,SEMICONDUCTOR_3,2006.33,1530.32,2482.34,6
2025-11-16,FACILITY_1,SEMICONDUCTOR_4,2037.86,1561.84,2513.87,6
2025-11-16,FACILITY_1,SEMICONDUCTOR_5,1362.47,886.45,1838.48,6
2025-11-16,FACILITY_1,SEMICONDUCTOR_6,1169.69,693.68,1645.71,6
2025-11-16,FACILITY_1,SEMICONDUCTOR_7,1025.18,549.17,1501.20,6
2025-11-16,FACILITY_1,SEMICONDUCTOR_8,1113.20,637.18,1589.21,6
2025-11-16,FACILITY_1,SEMICONDUCTOR_9,1084.81,608.80,1560.83,6
2025-11-16,FACILITY_2,SEMICONDUCTOR_1,2130.71,1654.69,2606.72,6
2025-11-16,FACILITY_2,SEMICONDUCTOR_10,569.49,93.48,1045.51,6
2025-11-16,FACILITY_2,SEMICONDUCTOR_11,771.07,295.06,1247.08,6
2025-11-16,FACILITY_2,SEMICONDUCTOR_12,967.38,491.37,1443.39,6
2025-11-16,FACILITY_2,SEMICONDUCTOR_2,2110.88,1634.87,2586.90,6
2025-11-16,FACILITY_2,SEMICONDUCTOR_3,1668.80,1192.79,2144.81,6
2025-11-16,FACILITY_2,SEMICONDUCTOR_4,1374.47,898.45,1850.48,6
2025-11-16,FACILITY_2,SEMICONDUCTOR_5,1201.21,725.19,1677.22,6
2025-11-16,FACILITY_2,SEMICONDUCTOR_6,968.95,492.94,1444.97,6
2025-11-16,FACILITY_2,SEMICONDUCTOR_7,865.99,389.98,1342.01,6
2025-11-16,FACILITY_2,SEMICONDUCTOR_8,924.27,448.26,1400.29,6
2025-11-16,FACILITY_2,SEMICONDUCTOR_9,1144.00,667.99,1620.02,6
2025-11-16,FACILITY_3,SEMICONDUCTOR_1,2137.19,1661.18,2613.21,6
2025-11-16,FACILITY_3,SEMICONDUCTOR_10,425.21,0.00,901.23,6
2025-11-16,FACILITY_3,SEMICONDUCTOR_11,638.14,162.13,1114.15,6
2025-11-16,FACILITY_3,SEMICONDUCTOR_12,952.02,476.00,1428.03,6
2025-11-16,FACILITY_3,SEMICONDUCTOR_2,1951.60,1475.59,2427.62,6
2025-11-16,FACILITY_3,SEMICONDUCTOR_3,1782.66,1306.65,2258.68,6
2025-11-16,FACILITY_3,SEMICONDUCTOR_4,1304.75,828.74,1780.77,6
2025-11-16,FACILITY_3,SEMICONDUCTOR_5,845.16,369.15,1321.18,6
2025-11-16,FACILITY_3,SEMICONDUCTOR_6,969.96,493.95,1445.97,6
2025-11-16,FACILITY_3,SEMICONDUCTOR_7,975.12,499.10,1451.13,6
2025-11-16,FACILITY_3,SEMICONDUCTOR_8,864.16,388.15,1340.17,6
2025-11-16,FACILITY_3,SEMICONDUCTOR_9,992.30,516.28,1468.31,6
2025-11-16,FACILITY_4,SEMICONDUCTOR_1,1525.14,1049.13,2001.15,6
2025-11-16,FACILITY_4,SEMICONDUCTOR_10,438.59,0.00,914.61,6
2025-11-16,FACILITY_4,SEMICONDUCTOR_11,695.66,219.65,1171.67,6
2025-11-16,FACILITY_4,SEMICONDUCTOR_12,914.65,438.64,1390.67,6
2025-11-16,FACILITY_4,SEMICONDUCTOR_2,2047.98,1571.97,2524.00,6
2025-11-16,FACILITY_4,SEMICONDUCTOR_3,1369.18,893.17,1845.20,6
2025-11-16,FACILITY_4,SEMICONDUCTOR_4,1262.80,786.78,1738.81,6
2025-11-16,FACILITY_4,SEMICONDUCTOR_5,1028.83,552.81,1504.84,6
2025-11-16,FACILITY_4,SEMICONDUCTOR_6,937.52,461.50,1413.53,6
2025-11-16,FACILITY_4,SEMICONDUCTOR_7,819.18,343.17,1295.20,6
2025-11-16,FACILITY_4,SEMICONDUCTOR_8,864.87,388.86,1340.89,6
2025-11-16,FACILITY_4,SEMICONDUCTOR_9,963.46,487.44,1439.47,6
2025-11-23,FACILITY_1,SEMICONDUCTOR_1,2254.90,1778.88,2730.91,7
2025-11-23,FACILITY_1,SEMICONDUCTOR_10,514.20,38.19,990.22,7
2025-11-23,FACILITY_1,SEMICONDUCTOR_11,641.93,165.91,1117.94,7
2025-11-23,FACILITY_1,SEMICONDUCTOR_12,861.14,385.13,1337.16,7
2025-11-23,FACILITY_1,SEMICONDUCTOR_2,2325.25,1849.23,2801.26,7
2025-11-23,FACILITY_1,SEMICONDUCTOR_3,1979.27,1503.25,2455.28,7
2025-11-23,FACILITY_1,SEMICONDUCTOR_4,1951.05,1475.04,2427.06,7
2025-11-23,FACILITY_1,SEMICONDUCTOR_5,1253.14,777.13,1729.16,7
2025-11-23,FACILITY_1,SEMICONDUCTOR_6,1063.93,587.92,1539.95,7
2025-11-23,FACILITY_1,SEMICONDUCTOR_7,942.94,466.93,1418.95,7
2025-11-23,FACILITY_1,SEMICONDUCTOR_8,978.73,502.71,1454.74,7
2025-11-23,FACILITY_1,SEMICONDUCTOR_9,1012.36,536.34,1488.37,7
2025-11-23,FACILITY_2,SEMICONDUCTOR_1,1990.94,1514.92,2466.95,7
2025-11-23,FACILITY_2,SEMICONDUCTOR_10,523.00,46.98,999.01,7
2025-11-23,FACILITY_2,SEMICONDUCTOR_11,724.20,248.19,1200.22,7
2025-11-23,FACILITY_2,SEMICONDUCTOR_12,874.90,398.89,1350.92,7
2025-11-23,FACILITY_2,SEMICONDUCTOR_2,2062.23,1586.22,2538.25,7
2025-11-23,FACILITY_2,SEMICONDUCTOR_3,1596.19,1120.18,2072.21,7
2025-11-23,FACILITY_2,SEMICONDUCTOR_4,1260.30,784.28,1736.31,7
2025-11-23,FACILITY_2,SEMICONDUCTOR_5,1070.97,594.96,1546.99,7
2025-11-23,FACILITY_2,SEMICONDUCTOR_6,869.88,393.86,1345.89,7
2025-11-23,FACILITY_2,SEMICONDUCTOR_7,808.69,332.67,1284.70,7
2025-11-23,FACILITY_2,SEMICONDUCTOR_8,834.66,358.65,1310.68,7
2025-11-23,FACILITY_2,SEMICONDUCTOR_9,987.85,511.83,1463.86,7
2025-11-23,FACILITY_3,SEMICONDUCTOR_1,1977.39,1501.37,2453.40,7
2025-11-23,FACILITY_3,SEMICONDUCTOR_10,378.15,0.00,854.17,7
2025-11-23,FACILITY_3,SEMICONDUCTOR_11,584.72,108.71,1060.73,7
2025-11-23,FACILITY_3,SEMICONDUCTOR_12,859.05,383.03,1335.06,7
2025-11-23,FACILITY_3,SEMICONDUCTOR_2,1829.23,1353.22,2305.25,7
2025-11-23,FACILITY_3,SEMICONDUCTOR_3,1712.78,1236.77,2188.80,7
2025-11-23,FACILITY_3,SEMICONDUCTOR_4,1191.40,715.39,1667.42,7
2025-11-23,FACILITY_3,SEMICONDUCTOR_5,804.68,328.67,1280.70,7
2025-11-23,FACILITY_3,SEMICONDUCTOR_6,910.90,434.89,1386.92,7
2025-11-23,FACILITY_3,SEMICONDUCTOR_7,921.23,445.22,1397.24,7
2025-11-23,FACILITY_3,SEMICONDUCTOR_8,794.40,318.39,1270.42,7
2025-11-23,FACILITY_3,SEMICONDUCTOR_9,872.94,396.93,1348.95,7
2025-11-23,FACILITY_4,SEMICONDUCTOR_1,1249.76,773.74,1725.77,7
2025-11-23,FACILITY_4,SEMICONDUCTOR_10,388.33,0.00,864.34,7
2025-11-23,FACILITY_4,SEMICONDUCTOR_11,653.57,177.56,1129.59,7
2025-11-23,FACILITY_4,SEMICONDUCTOR_12,841.86,365.84,1317.87,7
2025-11-23,FACILITY_4,SEMICONDUCTOR_2,1934.74,1458.72,2410.75,7
2025-11-23,FACILITY_4,SEMICONDUCTOR_3,1161.08,685.07,1637.09,7
2025-11-23,FACILITY_4,SEMICONDUCTOR_4,1151.75,675.74,1627.77,7
2025-11-23,FACILITY_4,SEMICONDUCTOR_5,923.05,447.04,1399.06,7
2025-11-23,FACILITY_4,SEMICONDUCTOR_6,819.95,343.94,1295.97,7
2025-11-23,FACILITY_4,SEMICONDUCTOR_7,776.86,300.85,1252.88,7
2025-11-23,FACILITY_4,SEMICONDUCTOR_8,800.97,324.96,1276.98,7
2025-11-23,FACILITY_4,SEMICONDUCTOR_9,830.94,354.92,1306.95,7
2025-11-30,FACILITY_1,SEMICONDUCTOR_1,1960.04,1484.03,2436.05,8
2025-11-30,FACILITY_1,SEMICONDUCTOR_10,386.01,0.00,862.02,8
2025-11-30,FACILITY_1,SEMICONDUCTOR_11,528.86,52.85,1004.87,8
2025-11-30,FACILITY_1,SEMICONDUCTOR_12,793.27,317.25,1269.28,8
2025-11-30,FACILITY_1,SEMICONDUCTOR_2,2200.94,1724.92,2676.95,8
2025-11-30,FACILITY_1,SEMICONDUCTOR_3,1809.51,1333.50,2285.52,8
2025-11-30,FACILITY_1,SEMICONDUCTOR_4,1809.95,1333.93,2285.96,8
2025-11-30,FACILITY_1,SEMICONDUCTOR_5,908.10,432.08,1384.11,8
2025-11-30,FACILITY_1,SEMICONDUCTOR_6,808.07,332.06,1284.09,8
2025-11-30,FACILITY_1,SEMICONDUCTOR_7,768.10,292.08,1244.11,8
2025-11-30,FACILITY_1,SEMICONDUCTOR_8,802.72,326.71,1278.73,8
2025-11-30,FACILITY_1,SEMICONDUCTOR_9,834.87,358.85,1310.88,8
2025-11-30,FACILITY_2,SEMICONDUCTOR_1,1824.70,1348.69,2300.71,8
2025-11-30,FACILITY_2,SEMICONDUCTOR_10,389.15,0.00,865.17,8
2025-11-30,FACILITY_2,SEMICONDUCTOR_11,633.76,157.75,1109.78,8
2025-11-30,FACILITY_2,SEMICONDUCTOR_12,788.85,312.83,1264.86,8
2025-11-30,FACILITY_2,SEMICONDUCTOR_2,1899.46,1423.45,2375.47,8
2025-11-30,FACILITY_2,SEMICONDUCTOR_3,1471.83,995.81,1947.84,8
2025-11-30,FACILITY_2,SEMICONDUCTOR_4,1014.52,538.51,1490.53,8
2025-11-30,FACILITY_2,SEMICONDUCTOR_5,861.35,385.33,1337.36,8
2025-11-30,FACILITY_2,SEMICONDUCTOR_6,734.37,258.35,1210.38,8
2025-11-30,FACILITY_2,SEMICONDUCTOR_7,730.99,254.98,1207.01,8
2025-11-30,FACILITY_2,SEMICONDUCTOR_8,757.37,281.36,1233.39,8
2025-11-30,FACILITY_2,SEMICONDUCTOR_9,734.18,258.17,1210.19,8
2025-11-30,FACILITY_3,SEMICONDUCTOR_1,1764.89,1288.87,2240.90,8
2025-11-30,FACILITY_3,SEMICONDUCTOR_10,249.26,0.00,725.27,8
2025-11-30,FACILITY_3,SEMICONDUCTOR_11,481.78,5.76,957.79,8
2025-11-30,FACILITY_3,SEMICONDUCTOR_12,764.95,288.94,1240.97,8
2025-11-30,FACILITY_3,SEMICONDUCTOR_2,1650.87,1174.85,2126.88,8
2025-11-30,FACILITY_3,SEMICONDUCTOR_3,1461.84,985.82,1937.85,8
2025-11-30,FACILITY_3,SEMICONDUCTOR_4,936.50,460.48,1412.51,8
2025-11-30,FACILITY_3,SEMICONDUCTOR_5,705.22,229.21,1181.23,8
2025-11-30,FACILITY_3,SEMICONDUCTOR_6,715.15,239.13,1191.16,8
2025-11-30,FACILITY_3,SEMICONDUCTOR_7,798.30,322.28,1274.31,8
2025-11-30,FACILITY_3,SEMICONDUCTOR_8,710.84,234.83,1186.86,8
2025-11-30,FACILITY_3,SEMICONDUCTOR_9,790.54,314.52,1266.55,8
2025-11-30,FACILITY_4,SEMICONDUCTOR_1,993.22,517.21,1469.24,8
2025-11-30,FACILITY_4,SEMICONDUCTOR_10,259.94,0.00,735.96,8
2025-11-30,FACILITY_4,SEMICONDUCTOR_11,528.96,52.95,1004.98,8
2025-11-30,FACILITY_4,SEMICONDUCTOR_12,741.75,265.74,1217.76,8
2025-11-30,FACILITY_4,SEMICONDUCTOR_2,1780.89,1304.88,2256.90,8
2025-11-30,FACILITY_4,SEMICONDUCTOR_3,943.76,467.74,1419.77,8
2025-11-30,FACILITY_4,SEMICONDUCTOR_4,917.22,441.20,1393.23,8
2025-11-30,FACILITY_4,SEMICONDUCTOR_5,808.80,332.79,1284.82,8
2025-11-30,FACILITY_4,SEMICONDUCTOR_6,692.66,216.64,1168.67,8
2025-11-30,FACILITY_4,SEMICONDUCTOR_7,657.94,181.92,1133.95,8
2025-11-30,FACILITY_4,SEMICONDUCTOR_8,725.42,249.41,1201.44,8
2025-11-30,FACILITY_4,SEMICONDUCTOR_9,769.88,293.86,1245.89,8
2025-12-07,FACILITY_1,SEMICONDUCTOR_1,2304.49,1828.47,2780.50,9
2025-12-07,FACILITY_1,SEMICONDUCTOR_10,527.17,51.16,1003.19,9
2025-12-07,FACILITY_1,SEMICONDUCTOR_11,677.27,201.26,1153.29,9
2025-12-07,FACILITY_1,SEMICONDUCTOR_12,927.82,451.81,1403.84,9
2025-12-07,FACILITY_1,SEMICONDUCTOR_2,2338.85,1862.83,2814.86,9
2025-12-07,FACILITY_1,SEMICONDUCTOR_3,2021.55,1545.54,2497.57,9
2025-12-07,FACILITY_1,SEMICONDUCTOR_4,2054.98,1578.97,2531.00,9
2025-12-07,FACILITY_1,SEMICONDUCTOR_5,1207.93,731.91,1683.94,9
2025-12-07,FACILITY_1,SEMICONDUCTOR_6,1059.87,583.86,1535.89,9
2025-12-07,FACILITY_1,SEMICONDUCTOR_7,923.56,447.55,1399.58,9
2025-12-07,FACILITY_1,SEMICONDUCTOR_8,1044.70,568.68,1520.71,9
2025-12-07,FACILITY_1,SEMICONDUCTOR_9,976.59,500.58,1452.60,9
2025-12-07,FACILITY_2,SEMICONDUCTOR_1,2117.15,1641.13,2593.16,9
2025-12-07,FACILITY_2,SEMICONDUCTOR_10,536.75,60.73,1012.76,9
2025-12-07,FACILITY_2,SEMICONDUCTOR_11,803.16,327.15,1279.18,9
2025-12-07,FACILITY_2,SEMICONDUCTOR_12,931.45,455.44,1407.47,9
2025-12-07,FACILITY_2,SEMICONDUCTOR_2,2066.29,1590.28,2542.31,9
2025-12-07,FACILITY_2,SEMICONDUCTOR_3,1669.42,1193.40,2145.43,9
2025-12-07,FACILITY_2,SEMICONDUCTOR_4,1332.19,856.17,1808.20,9
2025-12-07,FACILITY_2,SEMICONDUCTOR_5,1075.35,599.34,1551.37,9
2025-12-07,FACILITY_2,SEMICONDUCTOR_6,894.75,418.73,1370.76,9
2025-12-07,FACILITY_2,SEMICONDUCTOR_7,846.54,370.53,1322.56,9
2025-12-07,FACILITY_2,SEMICONDUCTOR_8,876.80,400.78,1352.81,9
2025-12-07,FACILITY_2,SEMICONDUCTOR_9,915.56,439.55,1391.58,9
2025-12-07,FACILITY_3,SEMICONDUCTOR_1,2102.15,1626.14,2578.17,9
2025-12-07,FACILITY_3,SEMICONDUCTOR_10,408.05,0.00,884.06,9
2025-12-07,FACILITY_3,SEMICONDUCTOR_11,677.71,201.70,1153.73,9
2025-12-07,FACILITY_3,SEMICONDUCTOR_12,883.08,407.07,1359.09,9
2025-12-07,FACILITY_3,SEMICONDUCTOR_2,1946.29,1470.27,2422.30,9
2025-12-07,FACILITY_3,SEMICONDUCTOR_3,1707.43,1231.41,2183.44,9
2025-12-07,FACILITY_3,SEMICONDUCTOR_4,1258.57,782.56,1734.59,9
2025-12-07,FACILITY_3,SEMICONDUCTOR_5,848.62,372.61,1324.64,9
2025-12-07,FACILITY_3,SEMICONDUCTOR_6,882.42,406.41,1358.44,9
2025-12-07,FACILITY_3,SEMICONDUCTOR_7,949.00,472.99,1425.02,9
2025-12-07,FACILITY_3,SEMICONDUCTOR_8,857.17,381.16,1333.19,9
2025-12-07,FACILITY_3,SEMICONDUCTOR_9,926.23,450.22,1402.24,9
2025-12-07,FACILITY_4,SEMICONDUCTOR_1,1296.53,820.52,1772.55,9
2025-12-07,FACILITY_4,SEMICONDUCTOR_10,418.73,0.00,894.74,9
2025-12-07,FACILITY_4,SEMICONDUCTOR_11,708.21,232.20,1184.23,9
2025-12-07,FACILITY_4,SEMICONDUCTOR_12,857.03,381.02,1333.05,9
2025-12-07,FACILITY_4,SEMICONDUCTOR_2,2037.74,1561.73,2513.76,9
2025-12-07,FACILITY_4,SEMICONDUCTOR_3,1246.34,770.32,1722.35,9
2025-12-07,FACILITY_4,SEMICONDUCTOR_4,1227.60,751.59,1703.62,9
2025-12-07,FACILITY_4,SEMICONDUCTOR_5,957.58,481.56,1433.59,9
2025-12-07,FACILITY_4,SEMICONDUCTOR_6,868.44,392.43,1344.45,9
2025-12-07,FACILITY_4,SEMICONDUCTOR_7,814.16,338.15,1290.17,9
2025-12-07,FACILITY_4,SEMICONDUCTOR_8,848.19,372.17,1324.20,9
2025-12-07,FACILITY_4,SEMICONDUCTOR_9,897.31,421.30,1373.33,9
2025-12-14,FACILITY_1,SEMICONDUCTOR_1,2123.21,1647.20,2599.23,10
2025-12-14,FACILITY_1,SEMICONDUCTOR_10,403.14,0.00,879.15,10
2025-12-14,FACILITY_1,SEMICONDUCTOR_11,537.07,61.06,1013.08,10
2025-12-14,FACILITY_1,SEMICONDUCTOR_12,785.36,309.34,1261.37,10
2025-12-14,FACILITY_1,SEMICONDUCTOR_2,2198.14,1722.13,2674.15,10
2025-12-14,FACILITY_1,SEMICONDUCTOR_3,1818.21,1342.19,2294.22,10
2025-12-14,FACILITY_1,SEMICONDUCTOR_4,1835.37,1359.36,2311.39,10
2025-12-14,FACILITY_1,SEMICONDUCTOR_5,902.15,426.13,1378.16,10
2025-12-14,FACILITY_1,SEMICONDUCTOR_6,822.85,346.84,1298.86,10
2025-12-14,FACILITY_1,SEMICONDUCTOR_7,793.06,317.05,1269.08,10
2025-12-14,FACILITY_1,SEMICONDUCTOR_8,816.62,340.60,1292.63,10
2025-12-14,FACILITY_1,SEMICONDUCTOR_9,817.71,341.70,1293.72,10
2025-12-14,FACILITY_2,SEMICONDUCTOR_1,1856.84,1380.83,2332.86,10
2025-12-14,FACILITY_2,SEMICONDUCTOR_10,407.94,0.00,883.95,10
2025-12-14,FACILITY_2,SEMICONDUCTOR_11,676.97,200.96,1152.99,10
2025-12-14,FACILITY_2,SEMICONDUCTOR_12,774.15,298.13,1250.16,10
2025-12-14,FACILITY_2,SEMICONDUCTOR_2,1896.38,1420.37,2372.40,10
2025-12-14,FACILITY_2,SEMICONDUCTOR_3,1484.18,1008.17,1960.19,10
2025-12-14,FACILITY_2,SEMICONDUCTOR_4,1048.22,572.21,1524.24,10
2025-12-14,FACILITY_2,SEMICONDUCTOR_5,881.85,405.83,1357.86,10
2025-12-14,FACILITY_2,SEMICONDUCTOR_6,729.84,253.82,1205.85,10
2025-12-14,FACILITY_2,SEMICONDUCTOR_7,721.28,245.27,1197.30,10
2025-12-14,FACILITY_2,SEMICONDUCTOR_8,717.50,241.49,1193.51,10
2025-12-14,FACILITY_2,SEMICONDUCTOR_9,787.43,311.42,1263.44,10
2025-12-14,FACILITY_3,SEMICONDUCTOR_1,1873.01,1397.00,2349.02,10
2025-12-14,FACILITY_3,SEMICONDUCTOR_10,264.76,0.00,740.77,10
2025-12-14,FACILITY_3,SEMICONDUCTOR_11,537.05,61.04,1013.06,10
2025-12-14,FACILITY_3,SEMICONDUCTOR_12,715.11,239.10,1191.12,10
2025-12-14,FACILITY_3,SEMICONDUCTOR_2,1691.01,1215.00,2167.02,10
2025-12-14,FACILITY_3,SEMICONDUCTOR_3,1536.27,1060.26,2012.29,10
2025-12-14,FACILITY_3,SEMICONDUCTOR_4,949.72,473.71,1425.74,10
2025-12-14,FACILITY_3,SEMICONDUCTOR_5,706.30,230.29,1182.31,10
2025-12-14,FACILITY_3,SEMICONDUCTOR_6,718.56,242.54,1194.57,10
2025-12-14,FACILITY_3,SEMICONDUCTOR_7,748.10,272.08,1224.11,10
2025-12-14,FACILITY_3,SEMICONDUCTOR_8,700.28,224.26,1176.29,10
2025-12-14,FACILITY_3,SEMICONDUCTOR_9,768.87,292.86,1244.89,10
2025-12-14,FACILITY_4,SEMICONDUCTOR_1,1129.37,653.36,1605.39,10
2025-12-14,FACILITY_4,SEMICONDUCTOR_10,270.09,0.00,746.10,10
2025-12-14,FACILITY_4,SEMICONDUCTOR_11,555.40,79.39,1031.41,10
2025-12-14,FACILITY_4,SEMICONDUCTOR_12,700.89,224.88,1176.91,10
2025-12-14,FACILITY_4,SEMICONDUCTOR_2,1808.84,1332.82,2284.85,10
2025-12-14,FACILITY_4,SEMICONDUCTOR_3,962.01,486.00,1438.02,10
2025-12-14,FACILITY_4,SEMICONDUCTOR_4,921.64,445.63,1397.65,10
2025-12-14,FACILITY_4,SEMICONDUCTOR_5,763.16,287.14,1239.17,10
2025-12-14,FACILITY_4,SEMICONDUCTOR_6,703.40,227.39,1179.41,10
2025-12-14,FACILITY_4,SEMICONDUCTOR_7,695.79,219.78,1171.81,10
2025-12-14,FACILITY_4,SEMICONDUCTOR_8,695.62,219.61,1171.64,10
2025-12-14,FACILITY_4,SEMICONDUCTOR_9,714.00,237.98,1190.01,10
2025-12-21,FACILITY_1,SEMICONDUCTOR_1,2288.22,1812.21,2764.23,11
2025-12-21,FACILITY_1,SEMICONDUCTOR_10,517.67,41.65,993.68,11
2025-12-21,FACILITY_1,SEMICONDUCTOR_11,617.87,141.86,1093.89,11
2025-12-21,FACILITY_1,SEMICONDUCTOR_12,880.19,404.18,1356.21,11
2025-12-21,FACILITY_1,SEMICONDUCTOR_2,2285.68,1809.67,2761.70,11
2025-12-21,FACILITY_1,SEMICONDUCTOR_3,1988.12,1512.11,2464.14,11
2025-12-21,FACILITY_1,SEMICONDUCTOR_4,2007.59,1531.58,2483.61,11
2025-12-21,FACILITY_1,SEMICONDUCTOR_5,1093.64,617.63,1569.66,11
2025-12-21,FACILITY_1,SEMICONDUCTOR_6,950.89,474.88,1426.91,11
2025-12-21,FACILITY_1,SEMICONDUCTOR_7,901.04,425.03,1377.05,11
2025-12-21,FACILITY_1,SEMICONDUCTOR_8,940.10,464.08,1416.11,11
2025-12-21,FACILITY_1,SEMICONDUCTOR_9,933.89,457.87,1409.90,11
2025-12-21,FACILITY_2,SEMICONDUCTOR_1,2068.28,1592.27,2544.30,11
2025-12-21,FACILITY_2,SEMICONDUCTOR_10,523.09,47.08,999.11,11
2025-12-21,FACILITY_2,SEMICONDUCTOR_11,761.36,285.35,1237.37,11
2025-12-21,FACILITY_2,SEMICONDUCTOR_12,885.40,409.39,1361.42,11
2025-12-21,FACILITY_2,SEMICONDUCTOR_2,2034.89,1558.88,2510.91,11
2025-12-21,FACILITY_2,SEMICONDUCTOR_3,1640.99,1164.98,2117.01,11
2025-12-21,FACILITY_2,SEMICONDUCTOR_4,1223.86,747.85,1699.88,11
2025-12-21,FACILITY_2,SEMICONDUCTOR_5,990.59,514.58,1466.61,11
2025-12-21,FACILITY_2,SEMICONDUCTOR_6,849.61,373.59,1325.62,11
2025-12-21,FACILITY_2,SEMICONDUCTOR_7,818.72,342.70,1294.73,11
2025-12-21,FACILITY_2,SEMICONDUCTOR_8,853.28,377.26,1329.29,11
2025-12-21,FACILITY_2,SEMICONDUCTOR_9,895.15,419.13,1371.16,11
2025-12-21,FACILITY_3,SEMICONDUCTOR_1,2090.18,1614.16,2566.19,11
2025-12-21,FACILITY_3,SEMICONDUCTOR_10,378.24,0.00,854.26,11
2025-12-21,FACILITY_3,SEMICONDUCTOR_11,643.15,167.14,1119.17,11
2025-12-21,FACILITY_3,SEMICONDUCTOR_12,842.59,366.57,1318.60,11
2025-12-21,FACILITY_3,SEMICONDUCTOR_2,1941.49,1465.48,2417.51,11
2025-12-21,FACILITY_3,SEMICONDUCTOR_3,1638.54,1162.53,2114.55,11
2025-12-21,FACILITY_3,SEMICONDUCTOR_4,1201.88,725.87,1677.89,11
2025-12-21,FACILITY_3,SEMICONDUCTOR_5,810.17,334.16,1286.19,11
2025-12-21,FACILITY_3,SEMICONDUCTOR_6,852.54,376.53,1328.56,11
2025-12-21,FACILITY_3,SEMICONDUCTOR_7,875.07,399.05,1351.08,11
2025-12-21,FACILITY_3,SEMICONDUCTOR_8,795.46,319.45,1271.47,11
2025-12-21,FACILITY_3,SEMICONDUCTOR_9,852.54,376.53,1328.56,11
2025-12-21,FACILITY_4,SEMICONDUCTOR_1,1316.82,840.80,1792.83,11
2025-12-21,FACILITY_4,SEMICONDUCTOR_10,391.62,0.00,867.63,11
2025-12-21,FACILITY_4,SEMICONDUCTOR_11,676.95,200.94,1152.96,11
2025-12-21,FACILITY_4,SEMICONDUCTOR_12,808.35,332.33,1284.36,11
2025-12-21,FACILITY_4,SEMICONDUCTOR_2,2010.17,1534.15,2486.18,11
2025-12-21,FACILITY_4,SEMICONDUCTOR_3,1167.74,691.73,1643.76,11
2025-12-21,FACILITY_4,SEMICONDUCTOR_4,1158.63,682.61,1634.64,11
2025-12-21,FACILITY_4,SEMICONDUCTOR_5,860.32,384.30,1336.33,11
2025-12-21,FACILITY_4,SEMICONDUCTOR_6,822.49,346.48,1298.51,11
2025-12-21,FACILITY_4,SEMICONDUCTOR_7,776.71,300.69,1252.72,11
2025-12-21,FACILITY_4,SEMICONDUCTOR_8,797.19,321.18,1273.21,11
2025-12-21,FACILITY_4,SEMICONDUCTOR_9,831.62,355.60,1307.63,11
2025-12-28,FACILITY_1,SEMICONDUCTOR_1,2051.42,1575.41,2527.44,12
2025-12-28,FACILITY_1,SEMICONDUCTOR_10,353.24,0.00,829.25,12
2025-12-28,FACILITY_1,SEMICONDUCTOR_11,503.18,27.16,979.19,12
2025-12-28,FACILITY_1,SEMICONDUCTOR_12,648.21,172.19,1124.22,12
2025-12-28,FACILITY_1,SEMICONDUCTOR_2,2118.52,1642.51,2594.53,12
2025-12-28,FACILITY_1,SEMICONDUCTOR_3,1727.09,1251.08,2203.11,12
2025-12-28,FACILITY_1,SEMICONDUCTOR_4,1731.62,1255.61,2207.63,12
2025-12-28,FACILITY_1,SEMICONDUCTOR_5,701.73,225.72,1177.75,12
2025-12-28,FACILITY_1,SEMICONDUCTOR_6,607.23,131.22,1083.25,12
2025-12-28,FACILITY_1,SEMICONDUCTOR_7,657.18,181.17,1133.19,12
2025-12-28,FACILITY_1,SEMICONDUCTOR_8,613.04,137.02,1089.05,12
2025-12-28,FACILITY_1,SEMICONDUCTOR_9,611.67,135.66,1087.68,12
2025-12-28,FACILITY_2,SEMICONDUCTOR_1,1729.10,1253.08,2205.11,12
2025-12-28,FACILITY_2,SEMICONDUCTOR_10,358.04,0.00,834.05,12
2025-12-28,FACILITY_2,SEMICONDUCTOR_11,590.71,114.69,1066.72,12
2025-12-28,FACILITY_2,SEMICONDUCTOR_12,637.12,161.11,1113.14,12
2025-12-28,FACILITY_2,SEMICONDUCTOR_2,1775.63,1299.62,2251.65,12
2025-12-28,FACILITY_2,SEMICONDUCTOR_3,1381.76,905.75,1857.77,12
2025-12-28,FACILITY_2,SEMICONDUCTOR_4,768.08,292.07,1244.09,12
2025-12-28,FACILITY_2,SEMICONDUCTOR_5,662.83,186.82,1138.85,12
2025-12-28,FACILITY_2,SEMICONDUCTOR_6,632.98,156.97,1108.99,12
2025-12-28,FACILITY_2,SEMICONDUCTOR_7,631.15,155.13,1107.16,12
2025-12-28,FACILITY_2,SEMICONDUCTOR_8,636.83,160.81,1112.84,12
2025-12-28,FACILITY_2,SEMICONDUCTOR_9,582.85,106.84,1058.86,12
2025-12-28,FACILITY_3,SEMICONDUCTOR_1,1746.91,1270.89,2222.92,12
2025-12-28,FACILITY_3,SEMICONDUCTOR_10,221.19,0.00,697.20,12
2025-12-28,FACILITY_3,SEMICONDUCTOR_11,490.21,14.20,966.22,12
2025-12-28,FACILITY_3,SEMICONDUCTOR_12,618.90,142.88,1094.91,12
2025-12-28,FACILITY_3,SEMICONDUCTOR_2,1597.90,1121.88,2073.91,12
2025-12-28,FACILITY_3,SEMICONDUCTOR_3,1370.12,894.11,1846.14,12
2025-12-28,FACILITY_3,SEMICONDUCTOR_4,752.42,276.40,1228.43,12
2025-12-28,FACILITY_3,SEMICONDUCTOR_5,616.51,140.50,1092.53,12
2025-12-28,FACILITY_3,SEMICONDUCTOR_6,616.62,140.60,1092.63,12
2025-12-28,FACILITY_3,SEMICONDUCTOR_7,668.68,192.66,1144.69,12
2025-12-28,FACILITY_3,SEMICONDUCTOR_8,600.16,124.15,1076.18,12
2025-12-28,FACILITY_3,SEMICONDUCTOR_9,635.60,159.59,1111.62,12
2025-12-28,FACILITY_4,SEMICONDUCTOR_1,926.15,450.13,1402.16,12
2025-12-28,FACILITY_4,SEMICONDUCTOR_10,221.99,0.00,698.00,12
2025-12-28,FACILITY_4,SEMICONDUCTOR_11,514.13,38.12,990.14,12
2025-12-28,FACILITY_4,SEMICONDUCTOR_12,611.10,135.09,1087.12,12
2025-12-28,FACILITY_4,SEMICONDUCTOR_2,1700.36,1224.35,2176.37,12
2025-12-28,FACILITY_4,SEMICONDUCTOR_3,751.35,275.34,1227.36,12
2025-12-28,FACILITY_4,SEMICONDUCTOR_4,738.50,262.49,1214.51,12
2025-12-28,FACILITY_4,SEMICONDUCTOR_5,564.38,88.37,1040.39,12
2025-12-28,FACILITY_4,SEMICONDUCTOR_6,609.05,133.04,1085.07,12
2025-12-28,FACILITY_4,SEMICONDUCTOR_7,591.96,115.95,1067.97,12
2025-12-28,FACILITY_4,SEMICONDUCTOR_8,611.06,135.05,1087.08,12
2025-12-28,FACILITY_4,SEMICONDUCTOR_9,624.55,148.54,1100.57,12
2026-01-04,FACILITY_1,SEMICONDUCTOR_1,2368.79,1892.78,2844.81,13
2026-01-04,FACILITY_1,SEMICONDUCTOR_10,547.56,71.55,1023.58,13
2026-01-04,FACILITY_1,SEMICONDUCTOR_11,680.59,204.58,1156.61,13
2026-01-04,FACILITY_1,SEMICONDUCTOR_12,903.65,427.63,1379.66,13
2026-01-04,FACILITY_1,SEMICONDUCTOR_2,2295.97,1819.95,2771.98,13
2026-01-04,FACILITY_1,SEMICONDUCTOR_3,2019.67,1543.66,2495.68,13
2026-01-04,FACILITY_1,SEMICONDUCTOR_4,2039.14,1563.13,2515.15,13
2026-01-04,FACILITY_1,SEMICONDUCTOR_5,1046.81,570.80,1522.83,13
2026-01-04,FACILITY_1,SEMICONDUCTOR_6,912.11,436.10,1388.12,13
2026-01-04,FACILITY_1,SEMICONDUCTOR_7,904.73,428.72,1380.74,13
2026-01-04,FACILITY_1,SEMICONDUCTOR_8,913.42,437.41,1389.43,13
2026-01-04,FACILITY_1,SEMICONDUCTOR_9,905.62,429.60,1381.63,13
2026-01-04,FACILITY_2,SEMICONDUCTOR_1,2088.61,1612.59,2564.62,13
2026-01-04,FACILITY_2,SEMICONDUCTOR_10,558.47,82.45,1034.48,13
2026-01-04,FACILITY_2,SEMICONDUCTOR_11,826.25,350.24,1302.26,13
2026-01-04,FACILITY_2,SEMICONDUCTOR_12,887.37,411.35,1363.38,13
2026-01-04,FACILITY_2,SEMICONDUCTOR_2,2087.84,1611.82,2563.85,13
2026-01-04,FACILITY_2,SEMICONDUCTOR_3,1696.80,1220.79,2172.82,13
2026-01-04,FACILITY_2,SEMICONDUCTOR_4,1188.85,712.84,1664.86,13
2026-01-04,FACILITY_2,SEMICONDUCTOR_5,912.79,436.78,1388.80,13
2026-01-04,FACILITY_2,SEMICONDUCTOR_6,854.68,378.66,1330.69,13
2026-01-04,FACILITY_2,SEMICONDUCTOR_7,850.91,374.90,1326.92,13
2026-01-04,FACILITY_2,SEMICONDUCTOR_8,852.52,376.50,1328.53,13
2026-01-04,FACILITY_2,SEMICONDUCTOR_9,897.06,421.05,1373.08,13
2026-01-04,FACILITY_3,SEMICONDUCTOR_1,2101.07,1625.06,2577.08,13
2026-01-04,FACILITY_3,SEMICONDUCTOR_10,401.61,0.00,877.63,13
2026-01-04,FACILITY_3,SEMICONDUCTOR_11,665.90,189.88,1141.91,13
2026-01-04,FACILITY_3,SEMICONDUCTOR_12,844.75,368.74,1320.77,13
2026-01-04,FACILITY_3,SEMICONDUCTOR_2,1995.31,1519.30,2471.32,13
2026-01-04,FACILITY_3,SEMICONDUCTOR_3,1702.59,1226.57,2178.60,13
2026-01-04,FACILITY_3,SEMICONDUCTOR_4,1149.20,673.19,1625.21,13
2026-01-04,FACILITY_3,SEMICONDUCTOR_5,846.55,370.54,1322.57,13
2026-01-04,FACILITY_3,SEMICONDUCTOR_6,847.94,371.92,1323.95,13
2026-01-04,FACILITY_3,SEMICONDUCTOR_7,874.44,398.42,1350.45,13
2026-01-04,FACILITY_3,SEMICONDUCTOR_8,837.87,361.85,1313.88,13
2026-01-04,FACILITY_3,SEMICONDUCTOR_9,857.70,381.69,1333.71,13
2026-01-04,FACILITY_4,SEMICONDUCTOR_1,1378.09,902.08,1854.11,13
2026-01-04,FACILITY_4,SEMICONDUCTOR_10,415.34,0.00,891.35,13
2026-01-04,FACILITY_4,SEMICONDUCTOR_11,715.81,239.80,1191.83,13
2026-01-04,FACILITY_4,SEMICONDUCTOR_12,838.15,362.13,1314.16,13
2026-01-04,FACILITY_4,SEMICONDUCTOR_2,2063.98,1587.97,2540.00,13
2026-01-04,FACILITY_4,SEMICONDUCTOR_3,1106.44,630.43,1582.46,13
2026-01-04,FACILITY_4,SEMICONDUCTOR_4,1177.34,701.33,1653.36,13
2026-01-04,FACILITY_4,SEMICONDUCTOR_5,846.71,370.70,1322.72,13
2026-01-04,FACILITY_4,SEMICONDUCTOR_6,840.28,364.26,1316.29,13
2026-01-04,FACILITY_4,SEMICONDUCTOR_7,819.83,343.82,1295.84,13
2026-01-04,FACILITY_4,SEMICONDUCTOR_8,823.73,347.72,1299.74,13
2026-01-04,FACILITY_4,SEMICONDUCTOR_9,846.64,370.62,1322.65,13
2026-01-11,FACILITY_1,SEMICONDUCTOR_1,2341.65,1865.63,2817.66,14
2026-01-11,FACILITY_1,SEMICONDUCTOR_10,533.07,57.05,1009.08,14
2026-01-11,FACILITY_1,SEMICONDUCTOR_11,656.35,180.34,1132.37,14
2026-01-11,FACILITY_1,SEMICONDUCTOR_12,908.18,432.17,1384.20,14
2026-01-11,FACILITY_1,SEMICONDUCTOR_2,2379.26,1903.25,2855.28,14
2026-01-11,FACILITY_1,SEMICONDUCTOR_3,2007.35,1531.34,2483.37,14
2026-01-11,FACILITY_1,SEMICONDUCTOR_4,2004.52,1528.50,2480.53,14
2026-01-11,FACILITY_1,SEMICONDUCTOR_5,966.07,490.06,1442.08,14
2026-01-11,FACILITY_1,SEMICONDUCTOR_6,940.46,464.45,1416.48,14
2026-01-11,FACILITY_1,SEMICONDUCTOR_7,911.94,435.93,1387.95,14
2026-01-11,FACILITY_1,SEMICONDUCTOR_8,953.44,477.43,1429.46,14
2026-01-11,FACILITY_1,SEMICONDUCTOR_9,938.41,462.40,1414.42,14
2026-01-11,FACILITY_2,SEMICONDUCTOR_1,2017.58,1541.56,2493.59,14
2026-01-11,FACILITY_2,SEMICONDUCTOR_10,540.68,64.66,1016.69,14
2026-01-11,FACILITY_2,SEMICONDUCTOR_11,837.04,361.03,1313.05,14
2026-01-11,FACILITY_2,SEMICONDUCTOR_12,880.85,404.83,1356.86,14
2026-01-11,FACILITY_2,SEMICONDUCTOR_2,2074.66,1598.65,2550.67,14
2026-01-11,FACILITY_2,SEMICONDUCTOR_3,1710.91,1234.90,2186.93,14
2026-01-11,FACILITY_2,SEMICONDUCTOR_4,1102.36,626.35,1578.38,14
2026-01-11,FACILITY_2,SEMICONDUCTOR_5,951.74,475.73,1427.76,14
2026-01-11,FACILITY_2,SEMICONDUCTOR_6,873.21,397.20,1349.23,14
2026-01-11,FACILITY_2,SEMICONDUCTOR_7,852.93,376.92,1328.94,14
2026-01-11,FACILITY_2,SEMICONDUCTOR_8,856.32,380.31,1332.34,14
2026-01-11,FACILITY_2,SEMICONDUCTOR_9,912.24,436.23,1388.25,14
2026-01-11,FACILITY_3,SEMICONDUCTOR_1,2042.15,1566.14,2518.16,14
2026-01-11,FACILITY_3,SEMICONDUCTOR_10,394.63,0.00,870.64,14
2026-01-11,FACILITY_3,SEMICONDUCTOR_11,676.67,200.66,1152.68,14
2026-01-11,FACILITY_3,SEMICONDUCTOR_12,852.19,376.18,1328.20,14
2026-01-11,FACILITY_3,SEMICONDUCTOR_2,1882.70,1406.68,2358.71,14
2026-01-11,FACILITY_3,SEMICONDUCTOR_3,1704.46,1228.45,2180.47,14
2026-01-11,FACILITY_3,SEMICONDUCTOR_4,1089.60,613.58,1565.61,14
2026-01-11,FACILITY_3,SEMICONDUCTOR_5,835.20,359.19,1311.21,14
2026-01-11,FACILITY_3,SEMICONDUCTOR_6,855.04,379.03,1331.05,14
2026-01-11,FACILITY_3,SEMICONDUCTOR_7,854.05,378.04,1330.06,14
2026-01-11,FACILITY_3,SEMICONDUCTOR_8,825.58,349.57,1301.60,14
2026-01-11,FACILITY_3,SEMICONDUCTOR_9,878.31,402.29,1354.32,14
2026-01-11,FACILITY_4,SEMICONDUCTOR_1,1366.72,890.70,1842.73,14
2026-01-11,FACILITY_4,SEMICONDUCTOR_10,395.77,0.00,871.79,14
2026-01-11,FACILITY_4,SEMICONDUCTOR_11,718.99,242.98,1195.00,14
2026-01-11,FACILITY_4,SEMICONDUCTOR_12,824.50,348.49,1300.51,14
2026-01-11,FACILITY_4,SEMICONDUCTOR_2,1994.75,1518.73,2470.76,14
2026-01-11,FACILITY_4,SEMICONDUCTOR_3,1085.24,609.23,1561.26,14
2026-01-11,FACILITY_4,SEMICONDUCTOR_4,1081.86,605.84,1557.87,14
2026-01-11,FACILITY_4,SEMICONDUCTOR_5,863.59,387.58,1339.60,14
2026-01-11,FACILITY_4,SEMICONDUCTOR_6,835.93,359.92,1311.95,14
2026-01-11,FACILITY_4,SEMICONDUCTOR_7,814.50,338.48,1290.51,14
2026-01-11,FACILITY_4,SEMICONDUCTOR_8,818.34,342.33,1294.36,14
2026-01-11,FACILITY_4,SEMICONDUCTOR_9,863.43,387.41,1339.44,14
2026-01-18,FACILITY_1,SEMICONDUCTOR_1,2177.39,1701.38,2653.41,15
2026-01-18,FACILITY_1,SEMICONDUCTOR_10,404.89,0.00,880.90,15
2026-01-18,FACILITY_1,SEMICONDUCTOR_11,561.11,85.10,1037.12,15
2026-01-18,FACILITY_1,SEMICONDUCTOR_12,781.48,305.47,1257.49,15
2026-01-18,FACILITY_1,SEMICONDUCTOR_2,2206.98,1730.97,2683.00,15
2026-01-18,FACILITY_1,SEMICONDUCTOR_3,1835.31,1359.30,2311.32,15
2026-01-18,FACILITY_1,SEMICONDUCTOR_4,1835.65,1359.64,2311.67,15
2026-01-18,FACILITY_1,SEMICONDUCTOR_5,757.69,281.67,1233.70,15
2026-01-18,FACILITY_1,SEMICONDUCTOR_6,686.62,210.61,1162.63,15
2026-01-18,FACILITY_1,SEMICONDUCTOR_7,796.71,320.69,1272.72,15
2026-01-18,FACILITY_1,SEMICONDUCTOR_8,691.62,215.60,1167.63,15
2026-01-18,FACILITY_1,SEMICONDUCTOR_9,684.09,208.08,1160.10,15
2026-01-18,FACILITY_2,SEMICONDUCTOR_1,1836.30,1360.29,2312.32,15
2026-01-18,FACILITY_2,SEMICONDUCTOR_10,406.73,0.00,882.74,15
2026-01-18,FACILITY_2,SEMICONDUCTOR_11,701.27,225.25,1177.28,15
2026-01-18,FACILITY_2,SEMICONDUCTOR_12,764.43,288.41,1240.44,15
2026-01-18,FACILITY_2,SEMICONDUCTOR_2,1881.20,1405.18,2357.21,15
2026-01-18,FACILITY_2,SEMICONDUCTOR_3,1556.87,1080.86,2032.89,15
2026-01-18,FACILITY_2,SEMICONDUCTOR_4,880.91,404.90,1356.92,15
2026-01-18,FACILITY_2,SEMICONDUCTOR_5,715.17,239.15,1191.18,15
2026-01-18,FACILITY_2,SEMICONDUCTOR_6,752.44,276.43,1228.46,15
2026-01-18,FACILITY_2,SEMICONDUCTOR_7,730.85,254.83,1206.86,15
2026-01-18,FACILITY_2,SEMICONDUCTOR_8,770.38,294.36,1246.39,15
2026-01-18,FACILITY_2,SEMICONDUCTOR_9,713.55,237.54,1189.56,15
2026-01-18,FACILITY_3,SEMICONDUCTOR_1,1853.35,1377.33,2329.36,15
2026-01-18,FACILITY_3,SEMICONDUCTOR_10,255.92,0.00,731.94,15
2026-01-18,FACILITY_3,SEMICONDUCTOR_11,558.37,82.35,1034.38,15
2026-01-18,FACILITY_3,SEMICONDUCTOR_12,711.48,235.46,1187.49,15
2026-01-18,FACILITY_3,SEMICONDUCTOR_2,1728.94,1252.92,2204.95,15
2026-01-18,FACILITY_3,SEMICONDUCTOR_3,1522.96,1046.95,1998.98,15
2026-01-18,FACILITY_3,SEMICONDUCTOR_4,854.48,378.46,1330.49,15
2026-01-18,FACILITY_3,SEMICONDUCTOR_5,714.59,238.58,1190.60,15
2026-01-18,FACILITY_3,SEMICONDUCTOR_6,720.32,244.31,1196.34,15
2026-01-18,FACILITY_3,SEMICONDUCTOR_7,766.77,290.75,1242.78,15
2026-01-18,FACILITY_3,SEMICONDUCTOR_8,687.46,211.45,1163.47,15
2026-01-18,FACILITY_3,SEMICONDUCTOR_9,763.09,287.08,1239.11,15
2026-01-18,FACILITY_4,SEMICONDUCTOR_1,1116.91,640.90,1592.92,15
2026-01-18,FACILITY_4,SEMICONDUCTOR_10,268.44,0.00,744.45,15
2026-01-18,FACILITY_4,SEMICONDUCTOR_11,577.58,101.57,1053.60,15
2026-01-18,FACILITY_4,SEMICONDUCTOR_12,694.62,218.60,1170.63,15
2026-01-18,FACILITY_4,SEMICONDUCTOR_2,1832.87,1356.86,2308.89,15
2026-01-18,FACILITY_4,SEMICONDUCTOR_3,863.48,387.46,1339.49,15
2026-01-18,FACILITY_4,SEMICONDUCTOR_4,857.42,381.41,1333.44,15
2026-01-18,FACILITY_4,SEMICONDUCTOR_5,715.72,239.70,1191.73,15
2026-01-18,FACILITY_4,SEMICONDUCTOR_6,711.18,235.16,1187.19,15
2026-01-18,FACILITY_4,SEMICONDUCTOR_7,673.26,197.24,1149.27,15
2026-01-18,FACILITY_4,SEMICONDUCTOR_8,679.17,203.15,1155.18,15
2026-01-18,FACILITY_4,SEMICONDUCTOR_9,720.31,244.29,1196.32,15
2026-01-25,FACILITY_1,SEMICONDUCTOR_1,2333.87,1857.85,2809.88,16
2026-01-25,FACILITY_1,SEMICONDUCTOR_10,564.99,88.97,1041.00,16
2026-01-25,FACILITY_1,SEMICONDUCTOR_11,692.59,216.58,1168.61,16
2026-01-25,FACILITY_1,SEMICONDUCTOR_12,915.27,439.26,1391.29,16
2026-01-25,FACILITY_1,SEMICONDUCTOR_2,2352.37,1876.35,2828.38,16
2026-01-25,FACILITY_1,SEMICONDUCTOR_3,2057.52,1581.51,2533.53,16
2026-01-25,FACILITY_1,SEMICONDUCTOR_4,2082.78,1606.76,2558.79,16
2026-01-25,FACILITY_1,SEMICONDUCTOR_5,853.18,377.17,1329.19,16
2026-01-25,FACILITY_1,SEMICONDUCTOR_6,890.19,414.18,1366.20,16
2026-01-25,FACILITY_1,SEMICONDUCTOR_7,922.83,446.81,1398.84,16
2026-01-25,FACILITY_1,SEMICONDUCTOR_8,898.60,422.59,1374.62,16
2026-01-25,FACILITY_1,SEMICONDUCTOR_9,903.30,427.29,1379.32,16
2026-01-25,FACILITY_2,SEMICONDUCTOR_1,2107.53,1631.51,2583.54,16
2026-01-25,FACILITY_2,SEMICONDUCTOR_10,573.38,97.36,1049.39,16
2026-01-25,FACILITY_2,SEMICONDUCTOR_11,841.60,365.59,1317.61,16
2026-01-25,FACILITY_2,SEMICONDUCTOR_12,896.96,420.95,1372.97,16
2026-01-25,FACILITY_2,SEMICONDUCTOR_2,2120.29,1644.28,2596.30,16
2026-01-25,FACILITY_2,SEMICONDUCTOR_3,1695.32,1219.31,2171.33,16
2026-01-25,FACILITY_2,SEMICONDUCTOR_4,1130.42,654.41,1606.44,16
2026-01-25,FACILITY_2,SEMICONDUCTOR_5,899.48,423.46,1375.49,16
2026-01-25,FACILITY_2,SEMICONDUCTOR_6,890.60,414.59,1366.61,16
2026-01-25,FACILITY_2,SEMICONDUCTOR_7,874.95,398.94,1350.97,16
2026-01-25,FACILITY_2,SEMICONDUCTOR_8,885.87,409.85,1361.88,16
2026-01-25,FACILITY_2,SEMICONDUCTOR_9,890.47,414.46,1366.48,16
2026-01-25,FACILITY_3,SEMICONDUCTOR_1,2076.22,1600.21,2552.24,16
2026-01-25,FACILITY_3,SEMICONDUCTOR_10,419.49,0.00,895.51,16
2026-01-25,FACILITY_3,SEMICONDUCTOR_11,728.62,252.60,1204.63,16
2026-01-25,FACILITY_3,SEMICONDUCTOR_12,858.43,382.42,1334.44,16
2026-01-25,FACILITY_3,SEMICONDUCTOR_2,1965.35,1489.34,2441.37,16
2026-01-25,FACILITY_3,SEMICONDUCTOR_3,1655.24,1179.23,2131.25,16
2026-01-25,FACILITY_3,SEMICONDUCTOR_4,1084.11,608.10,1560.12,16
2026-01-25,FACILITY_3,SEMICONDUCTOR_5,848.03,372.02,1324.05,16
2026-01-25,FACILITY_3,SEMICONDUCTOR_6,856.36,380.35,1332.38,16
2026-01-25,FACILITY_3,SEMICONDUCTOR_7,888.67,412.66,1364.69,16
2026-01-25,FACILITY_3,SEMICONDUCTOR_8,831.40,355.38,1307.41,16
2026-01-25,FACILITY_3,SEMICONDUCTOR_9,909.96,433.95,1385.98,16
2026-01-25,FACILITY_4,SEMICONDUCTOR_1,1289.89,813.88,1765.91,16
2026-01-25,FACILITY_4,SEMICONDUCTOR_10,429.31,0.00,905.32,16
2026-01-25,FACILITY_4,SEMICONDUCTOR_11,745.38,269.36,1221.39,16
2026-01-25,FACILITY_4,SEMICONDUCTOR_12,840.72,364.71,1316.73,16
2026-01-25,FACILITY_4,SEMICONDUCTOR_2,2079.89,1603.87,2555.90,16
2026-01-25,FACILITY_4,SEMICONDUCTOR_3,998.96,522.95,1474.97,16
2026-01-25,FACILITY_4,SEMICONDUCTOR_4,1039.78,563.77,1515.79,16
2026-01-25,FACILITY_4,SEMICONDUCTOR_5,872.50,396.49,1348.51,16
2026-01-25,FACILITY_4,SEMICONDUCTOR_6,837.74,361.73,1313.76,16
2026-01-25,FACILITY_4,SEMICONDUCTOR_7,810.66,334.64,1286.67,16
2026-01-25,FACILITY_4,SEMICONDUCTOR_8,838.90,362.89,1314.92,16
2026-01-25,FACILITY_4,SEMICONDUCTOR_9,884.41,408.40,1360.43,16
2026-02-01,FACILITY_1,SEMICONDUCTOR_1,2153.52,1677.50,2629.53,17
2026-02-01,FACILITY_1,SEMICONDUCTOR_10,415.54,0.00,891.55,17
2026-02-01,FACILITY_1,SEMICONDUCTOR_11,571.55,95.54,1047.56,17
2026-02-01,FACILITY_1,SEMICONDUCTOR_12,787.87,311.85,1263.88,17
2026-02-01,FACILITY_1,SEMICONDUCTOR_2,2201.26,1725.24,2677.27,17
2026-02-01,FACILITY_1,SEMICONDUCTOR_3,1826.16,1350.14,2302.17,17
2026-02-01,FACILITY_1,SEMICONDUCTOR_4,1823.32,1347.31,2299.33,17
2026-02-01,FACILITY_1,SEMICONDUCTOR_5,688.99,212.98,1165.01,17
2026-02-01,FACILITY_1,SEMICONDUCTOR_6,692.26,216.25,1168.28,17
2026-02-01,FACILITY_1,SEMICONDUCTOR_7,808.57,332.56,1284.58,17
2026-02-01,FACILITY_1,SEMICONDUCTOR_8,708.20,232.19,1184.22,17
2026-02-01,FACILITY_1,SEMICONDUCTOR_9,700.88,224.87,1176.89,17
2026-02-01,FACILITY_2,SEMICONDUCTOR_1,1824.31,1348.30,2300.33,17
2026-02-01,FACILITY_2,SEMICONDUCTOR_10,423.15,0.00,899.16,17
2026-02-01,FACILITY_2,SEMICONDUCTOR_11,746.34,270.32,1222.35,17
2026-02-01,FACILITY_2,SEMICONDUCTOR_12,763.13,287.12,1239.15,17
2026-02-01,FACILITY_2,SEMICONDUCTOR_2,1852.98,1376.97,2328.99,17
2026-02-01,FACILITY_2,SEMICONDUCTOR_3,1551.54,1075.52,2027.55,17
2026-02-01,FACILITY_2,SEMICONDUCTOR_4,890.76,414.75,1366.78,17
2026-02-01,FACILITY_2,SEMICONDUCTOR_5,701.70,225.69,1177.71,17
2026-02-01,FACILITY_2,SEMICONDUCTOR_6,758.25,282.24,1234.26,17
2026-02-01,FACILITY_2,SEMICONDUCTOR_7,759.00,282.99,1235.02,17
2026-02-01,FACILITY_2,SEMICONDUCTOR_8,761.22,285.21,1237.24,17
2026-02-01,FACILITY_2,SEMICONDUCTOR_9,762.85,286.84,1238.87,17
2026-02-01,FACILITY_3,SEMICONDUCTOR_1,1842.69,1366.67,2318.70,17
2026-02-01,FACILITY_3,SEMICONDUCTOR_10,279.10,0.00,755.11,17
2026-02-01,FACILITY_3,SEMICONDUCTOR_11,590.48,114.46,1066.49,17
2026-02-01,FACILITY_3,SEMICONDUCTOR_12,738.80,262.78,1214.81,17
2026-02-01,FACILITY_3,SEMICONDUCTOR_2,1650.94,1174.93,2126.96,17
2026-02-01,FACILITY_3,SEMICONDUCTOR_3,1481.16,1005.15,1957.18,17
2026-02-01,FACILITY_3,SEMICONDUCTOR_4,873.82,397.81,1349.83,17
2026-02-01,FACILITY_3,SEMICONDUCTOR_5,741.65,265.64,1217.66,17
2026-02-01,FACILITY_3,SEMICONDUCTOR_6,738.21,262.19,1214.22,17
2026-02-01,FACILITY_3,SEMICONDUCTOR_7,763.93,287.91,1239.94,17
2026-02-01,FACILITY_3,SEMICONDUCTOR_8,735.32,259.31,1211.34,17
2026-02-01,FACILITY_3,SEMICONDUCTOR_9,765.24,289.23,1241.25,17
2026-02-01,FACILITY_4,SEMICONDUCTOR_1,1083.05,607.04,1559.07,17
2026-02-01,FACILITY_4,SEMICONDUCTOR_10,284.00,0.00,760.01,17
2026-02-01,FACILITY_4,SEMICONDUCTOR_11,605.36,129.35,1081.37,17
2026-02-01,FACILITY_4,SEMICONDUCTOR_12,734.32,258.31,1210.34,17
2026-02-01,FACILITY_4,SEMICONDUCTOR_2,1808.99,1332.98,2285.01,17
2026-02-01,FACILITY_4,SEMICONDUCTOR_3,872.52,396.50,1348.53,17
2026-02-01,FACILITY_4,SEMICONDUCTOR_4,862.66,386.65,1338.68,17
2026-02-01,FACILITY_4,SEMICONDUCTOR_5,755.90,279.88,1231.91,17
2026-02-01,FACILITY_4,SEMICONDUCTOR_6,732.34,256.33,1208.36,17
2026-02-01,FACILITY_4,SEMICONDUCTOR_7,726.17,250.16,1202.19,17
2026-02-01,FACILITY_4,SEMICONDUCTOR_8,733.19,257.18,1209.20,17
2026-02-01,FACILITY_4,SEMICONDUCTOR_9,742.52,266.51,1218.54,17
2026-02-08,FACILITY_1,SEMICONDUCTOR_1,2369.35,1893.33,2845.36,18
2026-02-08,FACILITY_1,SEMICONDUCTOR_10,544.86,68.84,1020.87,18
2026-02-08,FACILITY_1,SEMICONDUCTOR_11,676.16,200.15,1152.17,18
2026-02-08,FACILITY_1,SEMICONDUCTOR_12,940.69,464.68,1416.70,18
2026-02-08,FACILITY_1,SEMICONDUCTOR_2,2346.38,1870.37,2822.40,18
2026-02-08,FACILITY_1,SEMICONDUCTOR_3,2043.50,1567.48,2519.51,18
2026-02-08,FACILITY_1,SEMICONDUCTOR_4,2062.97,1586.95,2538.98,18
2026-02-08,FACILITY_1,SEMICONDUCTOR_5,830.21,354.20,1306.22,18
2026-02-08,FACILITY_1,SEMICONDUCTOR_6,894.15,418.13,1370.16,18
2026-02-08,FACILITY_1,SEMICONDUCTOR_7,967.59,491.58,1443.60,18
2026-02-08,FACILITY_1,SEMICONDUCTOR_8,905.98,429.97,1381.99,18
2026-02-08,FACILITY_1,SEMICONDUCTOR_9,894.29,418.27,1370.30,18
2026-02-08,FACILITY_2,SEMICONDUCTOR_1,2109.76,1633.74,2585.77,18
2026-02-08,FACILITY_2,SEMICONDUCTOR_10,562.03,86.02,1038.05,18
2026-02-08,FACILITY_2,SEMICONDUCTOR_11,869.81,393.80,1345.83,18
2026-02-08,FACILITY_2,SEMICONDUCTOR_12,922.38,446.36,1398.39,18
2026-02-08,FACILITY_2,SEMICONDUCTOR_2,2086.02,1610.00,2562.03,18
2026-02-08,FACILITY_2,SEMICONDUCTOR_3,1716.88,1240.86,2192.89,18
2026-02-08,FACILITY_2,SEMICONDUCTOR_4,1141.12,665.11,1617.14,18
2026-02-08,FACILITY_2,SEMICONDUCTOR_5,909.12,433.11,1385.14,18
2026-02-08,FACILITY_2,SEMICONDUCTOR_6,899.05,423.03,1375.06,18
2026-02-08,FACILITY_2,SEMICONDUCTOR_7,898.63,422.61,1374.64,18
2026-02-08,FACILITY_2,SEMICONDUCTOR_8,902.72,426.70,1378.73,18
2026-02-08,FACILITY_2,SEMICONDUCTOR_9,919.00,442.99,1395.02,18
2026-02-08,FACILITY_3,SEMICONDUCTOR_1,2128.36,1652.35,2604.38,18
2026-02-08,FACILITY_3,SEMICONDUCTOR_10,400.15,0.00,876.16,18
2026-02-08,FACILITY_3,SEMICONDUCTOR_11,710.51,234.49,1186.52,18
2026-02-08,FACILITY_3,SEMICONDUCTOR_12,869.27,393.25,1345.28,18
2026-02-08,FACILITY_3,SEMICONDUCTOR_2,1990.71,1514.70,2466.73,18
2026-02-08,FACILITY_3,SEMICONDUCTOR_3,1670.70,1194.69,2146.71,18
2026-02-08,FACILITY_3,SEMICONDUCTOR_4,1091.33,615.32,1567.35,18
2026-02-08,FACILITY_3,SEMICONDUCTOR_5,851.83,375.82,1327.84,18
2026-02-08,FACILITY_3,SEMICONDUCTOR_6,866.01,389.99,1342.02,18
2026-02-08,FACILITY_3,SEMICONDUCTOR_7,892.84,416.83,1368.86,18
2026-02-08,FACILITY_3,SEMICONDUCTOR_8,842.12,366.10,1318.13,18
2026-02-08,FACILITY_3,SEMICONDUCTOR_9,900.47,424.45,1376.48,18
2026-02-08,FACILITY_4,SEMICONDUCTOR_1,1412.48,936.46,1888.49,18
2026-02-08,FACILITY_4,SEMICONDUCTOR_10,412.66,0.00,888.67,18
2026-02-08,FACILITY_4,SEMICONDUCTOR_11,718.37,242.35,1194.38,18
2026-02-08,FACILITY_4,SEMICONDUCTOR_12,844.62,368.61,1320.64,18
2026-02-08,FACILITY_4,SEMICONDUCTOR_2,2060.07,1584.06,2536.09,18
2026-02-08,FACILITY_4,SEMICONDUCTOR_3,1028.74,552.73,1504.76,18
2026-02-08,FACILITY_4,SEMICONDUCTOR_4,1056.73,580.71,1532.74,18
2026-02-08,FACILITY_4,SEMICONDUCTOR_5,893.08,417.07,1369.09,18
2026-02-08,FACILITY_4,SEMICONDUCTOR_6,841.00,364.98,1317.01,18
2026-02-08,FACILITY_4,SEMICONDUCTOR_7,817.23,341.22,1293.25,18
2026-02-08,FACILITY_4,SEMICONDUCTOR_8,833.39,357.38,1309.41,18
2026-02-08,FACILITY_4,SEMICONDUCTOR_9,879.94,403.92,1355.95,18
2026-02-15,FACILITY_1,SEMICONDUCTOR_1,2269.30,1793.28,2745.31,19
2026-02-15,FACILITY_1,SEMICONDUCTOR_10,519.81,43.79,995.82,19
2026-02-15,FACILITY_1,SEMICONDUCTOR_11,645.57,169.56,1121.58,19
2026-02-15,FACILITY_1,SEMICONDUCTOR_12,830.94,354.93,1306.95,19
2026-02-15,FACILITY_1,SEMICONDUCTOR_2,2324.63,1848.62,2800.64,19
2026-02-15,FACILITY_1,SEMICONDUCTOR_3,1953.75,1477.74,2429.77,19
2026-02-15,FACILITY_1,SEMICONDUCTOR_4,1967.04,1491.02,2443.05,19
2026-02-15,FACILITY_1,SEMICONDUCTOR_5,783.69,307.67,1259.70,19
2026-02-15,FACILITY_1,SEMICONDUCTOR_6,845.66,369.65,1321.68,19
2026-02-15,FACILITY_1,SEMICONDUCTOR_7,852.72,376.70,1328.73,19
2026-02-15,FACILITY_1,SEMICONDUCTOR_8,858.83,382.82,1334.85,19
2026-02-15,FACILITY_1,SEMICONDUCTOR_9,836.03,360.02,1312.05,19
2026-02-15,FACILITY_2,SEMICONDUCTOR_1,1942.77,1466.76,2418.78,19
2026-02-15,FACILITY_2,SEMICONDUCTOR_10,527.42,51.41,1003.43,19
2026-02-15,FACILITY_2,SEMICONDUCTOR_11,800.51,324.50,1276.52,19
2026-02-15,FACILITY_2,SEMICONDUCTOR_12,826.06,350.04,1302.07,19
2026-02-15,FACILITY_2,SEMICONDUCTOR_2,1973.23,1497.21,2449.24,19
2026-02-15,FACILITY_2,SEMICONDUCTOR_3,1671.16,1195.15,2147.17,19
2026-02-15,FACILITY_2,SEMICONDUCTOR_4,1077.08,601.07,1553.09,19
2026-02-15,FACILITY_2,SEMICONDUCTOR_5,862.74,386.73,1338.76,19
2026-02-15,FACILITY_2,SEMICONDUCTOR_6,827.69,351.68,1303.71,19
2026-02-15,FACILITY_2,SEMICONDUCTOR_7,830.34,354.33,1306.35,19
2026-02-15,FACILITY_2,SEMICONDUCTOR_8,828.11,352.10,1304.12,19
2026-02-15,FACILITY_2,SEMICONDUCTOR_9,840.51,364.50,1316.52,19
2026-02-15,FACILITY_3,SEMICONDUCTOR_1,1963.75,1487.74,2439.77,19
2026-02-15,FACILITY_3,SEMICONDUCTOR_10,372.65,0.00,848.66,19
2026-02-15,FACILITY_3,SEMICONDUCTOR_11,676.88,200.87,1152.90,19
2026-02-15,FACILITY_3,SEMICONDUCTOR_12,804.92,328.91,1280.94,19
2026-02-15,FACILITY_3,SEMICONDUCTOR_2,1776.34,1300.33,2252.35,19
2026-02-15,FACILITY_3,SEMICONDUCTOR_3,1612.36,1136.35,2088.37,19
2026-02-15,FACILITY_3,SEMICONDUCTOR_4,1043.53,567.52,1519.55,19
2026-02-15,FACILITY_3,SEMICONDUCTOR_5,802.54,326.52,1278.55,19
2026-02-15,FACILITY_3,SEMICONDUCTOR_6,808.81,332.79,1284.82,19
2026-02-15,FACILITY_3,SEMICONDUCTOR_7,808.05,332.04,1284.07,19
2026-02-15,FACILITY_3,SEMICONDUCTOR_8,797.48,321.47,1273.50,19
2026-02-15,FACILITY_3,SEMICONDUCTOR_9,829.75,353.74,1305.76,19
2026-02-15,FACILITY_4,SEMICONDUCTOR_1,1295.57,819.56,1771.59,19
2026-02-15,FACILITY_4,SEMICONDUCTOR_10,377.12,0.00,853.13,19
2026-02-15,FACILITY_4,SEMICONDUCTOR_11,675.17,199.16,1151.19,19
2026-02-15,FACILITY_4,SEMICONDUCTOR_12,792.81,316.79,1268.82,19
2026-02-15,FACILITY_4,SEMICONDUCTOR_2,1952.71,1476.70,2428.72,19
2026-02-15,FACILITY_4,SEMICONDUCTOR_3,1010.12,534.11,1486.13,19
2026-02-15,FACILITY_4,SEMICONDUCTOR_4,996.94,520.93,1472.95,19
2026-02-15,FACILITY_4,SEMICONDUCTOR_5,794.84,318.83,1270.86,19
2026-02-15,FACILITY_4,SEMICONDUCTOR_6,800.00,323.98,1276.01,19
2026-02-15,FACILITY_4,SEMICONDUCTOR_7,782.93,306.91,1258.94,19
2026-02-15,FACILITY_4,SEMICONDUCTOR_8,789.03,313.02,1265.04,19
2026-02-15,FACILITY_4,SEMICONDUCTOR_9,811.86,335.85,1287.88,19
2026-02-22,FACILITY_1,SEMICONDUCTOR_1,2384.79,1908.78,2860.81,20
2026-02-22,FACILITY_1,SEMICONDUCTOR_10,566.64,90.63,1042.66,20
2026-02-22,FACILITY_1,SEMICONDUCTOR_11,657.33,181.31,1133.34,20
2026-02-22,FACILITY_1,SEMICONDUCTOR_12,896.21,420.19,1372.22,20
2026-02-22,FACILITY_1,SEMICONDUCTOR_2,2417.92,1941.91,2893.94,20
2026-02-22,FACILITY_1,SEMICONDUCTOR_3,2062.95,1586.94,2538.97,20
2026-02-22,FACILITY_1,SEMICONDUCTOR_4,2077.71,1601.70,2553.72,20
2026-02-22,FACILITY_1,SEMICONDUCTOR_5,805.73,329.71,1281.74,20
2026-02-22,FACILITY_1,SEMICONDUCTOR_6,905.98,429.96,1381.99,20
2026-02-22,FACILITY_1,SEMICONDUCTOR_7,915.54,439.53,1391.55,20
2026-02-22,FACILITY_1,SEMICONDUCTOR_8,913.89,437.87,1389.90,20
2026-02-22,FACILITY_1,SEMICONDUCTOR_9,908.20,432.19,1384.21,20
2026-02-22,FACILITY_2,SEMICONDUCTOR_1,2035.81,1559.80,2511.83,20
2026-02-22,FACILITY_2,SEMICONDUCTOR_10,563.77,87.75,1039.78,20
2026-02-22,FACILITY_2,SEMICONDUCTOR_11,895.87,419.86,1371.88,20
2026-02-22,FACILITY_2,SEMICONDUCTOR_12,889.51,413.50,1365.52,20
2026-02-22,FACILITY_2,SEMICONDUCTOR_2,2057.98,1581.97,2534.00,20
2026-02-22,FACILITY_2,SEMICONDUCTOR_3,1654.66,1178.64,2130.67,20
2026-02-22,FACILITY_2,SEMICONDUCTOR_4,1108.16,632.15,1584.17,20
2026-02-22,FACILITY_2,SEMICONDUCTOR_5,906.57,430.55,1382.58,20
2026-02-22,FACILITY_2,SEMICONDUCTOR_6,898.19,422.18,1374.21,20
2026-02-22,FACILITY_2,SEMICONDUCTOR_7,902.49,426.47,1378.50,20
2026-02-22,FACILITY_2,SEMICONDUCTOR_8,897.77,421.76,1373.79,20
2026-02-22,FACILITY_2,SEMICONDUCTOR_9,903.16,427.14,1379.17,20
2026-02-22,FACILITY_3,SEMICONDUCTOR_1,2031.44,1555.43,2507.46,20
2026-02-22,FACILITY_3,SEMICONDUCTOR_10,390.23,0.00,866.24,20
2026-02-22,FACILITY_3,SEMICONDUCTOR_11,695.96,219.95,1171.98,20
2026-02-22,FACILITY_3,SEMICONDUCTOR_12,875.07,399.06,1351.08,20
2026-02-22,FACILITY_3,SEMICONDUCTOR_2,1940.29,1464.27,2416.30,20
2026-02-22,FACILITY_3,SEMICONDUCTOR_3,1621.61,1145.60,2097.62,20
2026-02-22,FACILITY_3,SEMICONDUCTOR_4,1060.82,584.80,1536.83,20
2026-02-22,FACILITY_3,SEMICONDUCTOR_5,869.63,393.62,1345.65,20
2026-02-22,FACILITY_3,SEMICONDUCTOR_6,889.07,413.06,1365.09,20
2026-02-22,FACILITY_3,SEMICONDUCTOR_7,888.70,412.69,1364.72,20
2026-02-22,FACILITY_3,SEMICONDUCTOR_8,868.33,392.32,1344.35,20
2026-02-22,FACILITY_3,SEMICONDUCTOR_9,897.56,421.55,1373.58,20
2026-02-22,FACILITY_4,SEMICONDUCTOR_1,1359.63,883.61,1835.64,20
2026-02-22,FACILITY_4,SEMICONDUCTOR_10,407.45,0.00,883.47,20
2026-02-22,FACILITY_4,SEMICONDUCTOR_11,690.14,214.12,1166.15,20
2026-02-22,FACILITY_4,SEMICONDUCTOR_12,831.43,355.41,1307.44,20
2026-02-22,FACILITY_4,SEMICONDUCTOR_2,2011.72,1535.71,2487.74,20
2026-02-22,FACILITY_4,SEMICONDUCTOR_3,1024.82,548.81,1500.84,20
2026-02-22,FACILITY_4,SEMICONDUCTOR_4,1037.00,560.99,1513.02,20
2026-02-22,FACILITY_4,SEMICONDUCTOR_5,860.09,384.08,1336.10,20
2026-02-22,FACILITY_4,SEMICONDUCTOR_6,866.19,390.17,1342.20,20
2026-02-22,FACILITY_4,SEMICONDUCTOR_7,816.06,340.04,1292.07,20
2026-02-22,FACILITY_4,SEMICONDUCTOR_8,835.60,359.59,1311.61,20
2026-02-22,FACILITY_4,SEMICONDUCTOR_9,886.89,410.88,1362.91,20
