date,year,month,ppi_value,series_id,industry,product,source,country_code,base_year
1981-06-01,1981,6,308726.1,PCU33441333441312,Semiconductor and related device manufacturing,Microprocessors including microcontrollers,BLS,USA,2007
1981-07-01,1981,7,306760.4,PCU33441333441312,Semiconductor and related device manufacturing,Microprocessors including microcontrollers,BLS,USA,2007
1981-08-01,1981,8,306760.4,PCU33441333441312,Semiconductor and related device manufacturing,Microprocessors including microcontrollers,BLS,USA,2007
1981-09-01,1981,9,312037.8,PCU33441333441312,Semiconductor and related device manufacturing,Microprocessors including microcontrollers,BLS,USA,2007
1981-10-01,1981,10,312396.3,PCU33441333441312,Semiconductor and related device manufacturing,Microprocessors including microcontrollers,BLS,USA,2007
1981-11-01,1981,11,312398.4,PCU33441333441312,Semiconductor and related device manufacturing,Microprocessors including microcontrollers,BLS,USA,2007
1981-12-01,1981,12,312398.4,PCU33441333441312,Semiconductor and related device manufacturing,Microprocessors including microcontrollers,BLS,USA,2007
1982-01-01,1982,1,309377.2,PCU33441333441312,Semiconductor and related device manufacturing,Microprocessors including microcontrollers,BLS,USA,2007
1982-02-01,1982,2,309377.2,PCU33441333441312,Semiconductor and related device manufacturing,Microprocessors including microcontrollers,BLS,USA,2007
1982-03-01,1982,3,306485.1,PCU33441333441312,Semiconductor and related device manufacturing,Microprocessors including microcontrollers,BLS,USA,2007
1982-04-01,1982,4,302393.5,PCU33441333441312,Semiconductor and related device manufacturing,Microprocessors including microcontrollers,BLS,USA,2007
1982-05-01,1982,5,298397.7,PCU33441333441312,Semiconductor and related device manufacturing,Microprocessors including microcontrollers,BLS,USA,2007
1982-06-01,1982,6,290933.0,PCU33441333441312,Semiconductor and related device manufacturing,Microprocessors including microcontrollers,BLS,USA,2007
1982-07-01,1982,7,289092.1,PCU33441333441312,Semiconductor and related device manufacturing,Microprocessors including microcontrollers,BLS,USA,2007
1982-08-01,1982,8,286673.8,PCU33441333441312,Semiconductor and related device manufacturing,Microprocessors including microcontrollers,BLS,USA,2007
1982-09-01,1982,9,291552.0,PCU33441333441312,Semiconductor and related device manufacturing,Microprocessors including microcontrollers,BLS,USA,2007
1982-10-01,1982,10,296063.73333333334,PCU33441333441312,Semiconductor and related device manufacturing,Microprocessors including microcontrollers,BLS,USA,2007
1982-11-01,1982,11,300575.4666666667,PCU33441333441312,Semiconductor and related device manufacturing,Microprocessors including microcontrollers,BLS,USA,2007
1982-12-01,1982,12,305087.2,PCU33441333441312,Semiconductor and related device manufacturing,Microprocessors including microcontrollers,BLS,USA,2007
1983-01-01,1983,1,305087.2,PCU33441333441312,Semiconductor and related device manufacturing,Microprocessors including microcontrollers,BLS,USA,2007
1983-02-01,1983,2,299900.9,PCU33441333441312,Semiconductor and related device manufacturing,Microprocessors including microcontrollers,BLS,USA,2007
1983-03-01,1983,3,294030.7,PCU33441333441312,Semiconductor and related device manufacturing,Microprocessors including microcontrollers,BLS,USA,2007
1983-04-01,1983,4,286293.4,PCU33441333441312,Semiconductor and related device manufacturing,Microprocessors including microcontrollers,BLS,USA,2007
1983-05-01,1983,5,290225.4,PCU33441333441312,Semiconductor and related device manufacturing,Microprocessors including microcontrollers,BLS,USA,2007
1983-06-01,1983,6,291254.1,PCU33441333441312,Semiconductor and related device manufacturing,Microprocessors including microcontrollers,BLS,USA,2007
1983-07-01,1983,7,281282.8,PCU33441333441312,Semiconductor and related device manufacturing,Microprocessors including microcontrollers,BLS,USA,2007
1983-08-01,1983,8,277659.9,PCU33441333441312,Semiconductor and related device manufacturing,Microprocessors including microcontrollers,BLS,USA,2007
1983-09-01,1983,9,277440.7,PCU33441333441312,Semiconductor and related device manufacturing,Microprocessors including microcontrollers,BLS,USA,2007
1983-10-01,1983,10,287628.7,PCU33441333441312,Semiconductor and related device manufacturing,Microprocessors including microcontrollers,BLS,USA,2007
1983-11-01,1983,11,290200.7,PCU33441333441312,Semiconductor and related device manufacturing,Microprocessors including microcontrollers,BLS,USA,2007
1983-12-01,1983,12,269852.2,PCU33441333441312,Semiconductor and related device manufacturing,Microprocessors including microcontrollers,BLS,USA,2007
1984-01-01,1984,1,299289.6,PCU33441333441312,Semiconductor and related device manufacturing,Microprocessors including microcontrollers,BLS,USA,2007
1984-02-01,1984,2,311909.7,PCU33441333441312,Semiconductor and related device manufacturing,Microprocessors including microcontrollers,BLS,USA,2007
1984-03-01,1984,3,306786.4,PCU33441333441312,Semiconductor and related device manufacturing,Microprocessors including microcontrollers,BLS,USA,2007
1984-04-01,1984,4,300852.0,PCU33441333441312,Semiconductor and related device manufacturing,Microprocessors including microcontrollers,BLS,USA,2007
1984-05-01,1984,5,302241.3,PCU33441333441312,Semiconductor and related device manufacturing,Microprocessors including microcontrollers,BLS,USA,2007
1984-06-01,1984,6,305909.3,PCU33441333441312,Semiconductor and related device manufacturing,Microprocessors including microcontrollers,BLS,USA,2007
1984-07-01,1984,7,297544.0,PCU33441333441312,Semiconductor and related device manufacturing,Microprocessors including microcontrollers,BLS,USA,2007
1984-08-01,1984,8,297544.0,PCU33441333441312,Semiconductor and related device manufacturing,Microprocessors including microcontrollers,BLS,USA,2007
1984-09-01,1984,9,297544.0,PCU33441333441312,Semiconductor and related device manufacturing,Microprocessors including microcontrollers,BLS,USA,2007
1984-10-01,1984,10,303041.2,PCU33441333441312,Semiconductor and related device manufacturing,Microprocessors including microcontrollers,BLS,USA,2007
1984-11-01,1984,11,303041.2,PCU33441333441312,Semiconductor and related device manufacturing,Microprocessors including microcontrollers,BLS,USA,2007
1984-12-01,1984,12,291307.5,PCU33441333441312,Semiconductor and related device manufacturing,Microprocessors including microcontrollers,BLS,USA,2007
1985-01-01,1985,1,281997.8,PCU33441333441312,Semiconductor and related device manufacturing,Microprocessors including microcontrollers,BLS,USA,2007
1985-02-01,1985,2,280809.9,PCU33441333441312,Semiconductor and related device manufacturing,Microprocessors including microcontrollers,BLS,USA,2007
1985-03-01,1985,3,278435.4,PCU33441333441312,Semiconductor and related device manufacturing,Microprocessors including microcontrollers,BLS,USA,2007
1985-04-01,1985,4,277247.5,PCU33441333441312,Semiconductor and related device manufacturing,Microprocessors including microcontrollers,BLS,USA,2007
1985-05-01,1985,5,272496.8,PCU33441333441312,Semiconductor and related device manufacturing,Microprocessors including microcontrollers,BLS,USA,2007
1985-06-01,1985,6,261809.0,PCU33441333441312,Semiconductor and related device manufacturing,Microprocessors including microcontrollers,BLS,USA,2007
1985-07-01,1985,7,259434.6,PCU33441333441312,Semiconductor and related device manufacturing,Microprocessors including microcontrollers,BLS,USA,2007
1985-08-01,1985,8,259434.6,PCU33441333441312,Semiconductor and related device manufacturing,Microprocessors including microcontrollers,BLS,USA,2007
1985-09-01,1985,9,259450.75,PCU33441333441312,Semiconductor and related device manufacturing,Microprocessors including microcontrollers,BLS,USA,2007
1985-10-01,1985,10,259466.9,PCU33441333441312,Semiconductor and related device manufacturing,Microprocessors including microcontrollers,BLS,USA,2007
1985-11-01,1985,11,259483.05,PCU33441333441312,Semiconductor and related device manufacturing,Microprocessors including microcontrollers,BLS,USA,2007
1985-12-01,1985,12,259499.2,PCU33441333441312,Semiconductor and related device manufacturing,Microprocessors including microcontrollers,BLS,USA,2007
1986-01-01,1986,1,259515.35,PCU33441333441312,Semiconductor and related device manufacturing,Microprocessors including microcontrollers,BLS,USA,2007
1986-02-01,1986,2,259531.5,PCU33441333441312,Semiconductor and related device manufacturing,Microprocessors including microcontrollers,BLS,USA,2007
1986-03-01,1986,3,259531.5,PCU33441333441312,Semiconductor and related device manufacturing,Microprocessors including microcontrollers,BLS,USA,2007
1986-04-01,1986,4,259531.5,PCU33441333441312,Semiconductor and related device manufacturing,Microprocessors including microcontrollers,BLS,USA,2007
1986-05-01,1986,5,259531.5,PCU33441333441312,Semiconductor and related device manufacturing,Microprocessors including microcontrollers,BLS,USA,2007
1986-06-01,1986,6,261059.1,PCU33441333441312,Semiconductor and related device manufacturing,Microprocessors including microcontrollers,BLS,USA,2007
1986-07-01,1986,7,262586.7,PCU33441333441312,Semiconductor and related device manufacturing,Microprocessors including microcontrollers,BLS,USA,2007
1986-08-01,1986,8,262586.7,PCU33441333441312,Semiconductor and related device manufacturing,Microprocessors including microcontrollers,BLS,USA,2007
1986-09-01,1986,9,251398.7,PCU33441333441312,Semiconductor and related device manufacturing,Microprocessors including microcontrollers,BLS,USA,2007
1986-10-01,1986,10,251398.7,PCU33441333441312,Semiconductor and related device manufacturing,Microprocessors including microcontrollers,BLS,USA,2007
1986-11-01,1986,11,251398.7,PCU33441333441312,Semiconductor and related device manufacturing,Microprocessors including microcontrollers,BLS,USA,2007
1986-12-01,1986,12,251569.8,PCU33441333441312,Semiconductor and related device manufacturing,Microprocessors including microcontrollers,BLS,USA,2007
1987-01-01,1987,1,250842.1,PCU33441333441312,Semiconductor and related device manufacturing,Microprocessors including microcontrollers,BLS,USA,2007
1987-02-01,1987,2,238641.3,PCU33441333441312,Semiconductor and related device manufacturing,Microprocessors including microcontrollers,BLS,USA,2007
1987-03-01,1987,3,240251.0,PCU33441333441312,Semiconductor and related device manufacturing,Microprocessors including microcontrollers,BLS,USA,2007
1987-04-01,1987,4,239022.8,PCU33441333441312,Semiconductor and related device manufacturing,Microprocessors including microcontrollers,BLS,USA,2007
1987-05-01,1987,5,239022.8,PCU33441333441312,Semiconductor and related device manufacturing,Microprocessors including microcontrollers,BLS,USA,2007
1987-06-01,1987,6,239022.8,PCU33441333441312,Semiconductor and related device manufacturing,Microprocessors including microcontrollers,BLS,USA,2007
1987-07-01,1987,7,239157.8,PCU33441333441312,Semiconductor and related device manufacturing,Microprocessors including microcontrollers,BLS,USA,2007
1987-08-01,1987,8,239157.8,PCU33441333441312,Semiconductor and related device manufacturing,Microprocessors including microcontrollers,BLS,USA,2007
1987-09-01,1987,9,239157.8,PCU33441333441312,Semiconductor and related device manufacturing,Microprocessors including microcontrollers,BLS,USA,2007
1987-10-01,1987,10,239157.8,PCU33441333441312,Semiconductor and related device manufacturing,Microprocessors including microcontrollers,BLS,USA,2007
1987-11-01,1987,11,239262.1,PCU33441333441312,Semiconductor and related device manufacturing,Microprocessors including microcontrollers,BLS,USA,2007
1987-12-01,1987,12,239262.1,PCU33441333441312,Semiconductor and related device manufacturing,Microprocessors including microcontrollers,BLS,USA,2007
1988-01-01,1988,1,237536.0,PCU33441333441312,Semiconductor and related device manufacturing,Microprocessors including microcontrollers,BLS,USA,2007
1988-02-01,1988,2,237536.0,PCU33441333441312,Semiconductor and related device manufacturing,Microprocessors including microcontrollers,BLS,USA,2007
1988-03-01,1988,3,209519.4,PCU33441333441312,Semiconductor and related device manufacturing,Microprocessors including microcontrollers,BLS,USA,2007
1988-04-01,1988,4,209519.4,PCU33441333441312,Semiconductor and related device manufacturing,Microprocessors including microcontrollers,BLS,USA,2007
1988-05-01,1988,5,209519.4,PCU33441333441312,Semiconductor and related device manufacturing,Microprocessors including microcontrollers,BLS,USA,2007
1988-06-01,1988,6,209519.4,PCU33441333441312,Semiconductor and related device manufacturing,Microprocessors including microcontrollers,BLS,USA,2007
1988-07-01,1988,7,209519.4,PCU33441333441312,Semiconductor and related device manufacturing,Microprocessors including microcontrollers,BLS,USA,2007
1988-08-01,1988,8,239691.6,PCU33441333441312,Semiconductor and related device manufacturing,Microprocessors including microcontrollers,BLS,USA,2007
1988-09-01,1988,9,239691.6,PCU33441333441312,Semiconductor and related device manufacturing,Microprocessors including microcontrollers,BLS,USA,2007
1988-10-01,1988,10,239691.6,PCU33441333441312,Semiconductor and related device manufacturing,Microprocessors including microcontrollers,BLS,USA,2007
1988-11-01,1988,11,231356.9,PCU33441333441312,Semiconductor and related device manufacturing,Microprocessors including microcontrollers,BLS,USA,2007
1988-12-01,1988,12,235689.8,PCU33441333441312,Semiconductor and related device manufacturing,Microprocessors including microcontrollers,BLS,USA,2007
1989-01-01,1989,1,235609.0,PCU33441333441312,Semiconductor and related device manufacturing,Microprocessors including microcontrollers,BLS,USA,2007
1989-02-01,1989,2,238703.9,PCU33441333441312,Semiconductor and related device manufacturing,Microprocessors including microcontrollers,BLS,USA,2007
1989-03-01,1989,3,238703.9,PCU33441333441312,Semiconductor and related device manufacturing,Microprocessors including microcontrollers,BLS,USA,2007
1989-04-01,1989,4,238703.9,PCU33441333441312,Semiconductor and related device manufacturing,Microprocessors including microcontrollers,BLS,USA,2007
1989-05-01,1989,5,238703.9,PCU33441333441312,Semiconductor and related device manufacturing,Microprocessors including microcontrollers,BLS,USA,2007
1989-06-01,1989,6,238703.9,PCU33441333441312,Semiconductor and related device manufacturing,Microprocessors including microcontrollers,BLS,USA,2007
1989-07-01,1989,7,238703.9,PCU33441333441312,Semiconductor and related device manufacturing,Microprocessors including microcontrollers,BLS,USA,2007
1989-08-01,1989,8,238703.9,PCU33441333441312,Semiconductor and related device manufacturing,Microprocessors including microcontrollers,BLS,USA,2007
1989-09-01,1989,9,238703.9,PCU33441333441312,Semiconductor and related device manufacturing,Microprocessors including microcontrollers,BLS,USA,2007
1989-10-01,1989,10,243324.0,PCU33441333441312,Semiconductor and related device manufacturing,Microprocessors including microcontrollers,BLS,USA,2007
1989-11-01,1989,11,245263.4,PCU33441333441312,Semiconductor and related device manufacturing,Microprocessors including microcontrollers,BLS,USA,2007
1989-12-01,1989,12,245263.4,PCU33441333441312,Semiconductor and related device manufacturing,Microprocessors including microcontrollers,BLS,USA,2007
1990-01-01,1990,1,245263.4,PCU33441333441312,Semiconductor and related device manufacturing,Microprocessors including microcontrollers,BLS,USA,2007
1990-02-01,1990,2,245263.4,PCU33441333441312,Semiconductor and related device manufacturing,Microprocessors including microcontrollers,BLS,USA,2007
1990-03-01,1990,3,245263.4,PCU33441333441312,Semiconductor and related device manufacturing,Microprocessors including microcontrollers,BLS,USA,2007
1990-04-01,1990,4,245263.4,PCU33441333441312,Semiconductor and related device manufacturing,Microprocessors including microcontrollers,BLS,USA,2007
1990-05-01,1990,5,245263.4,PCU33441333441312,Semiconductor and related device manufacturing,Microprocessors including microcontrollers,BLS,USA,2007
1990-06-01,1990,6,245263.4,PCU33441333441312,Semiconductor and related device manufacturing,Microprocessors including microcontrollers,BLS,USA,2007
1990-07-01,1990,7,245263.4,PCU33441333441312,Semiconductor and related device manufacturing,Microprocessors including microcontrollers,BLS,USA,2007
1990-08-01,1990,8,245263.4,PCU33441333441312,Semiconductor and related device manufacturing,Microprocessors including microcontrollers,BLS,USA,2007
1990-09-01,1990,9,245263.4,PCU33441333441312,Semiconductor and related device manufacturing,Microprocessors including microcontrollers,BLS,USA,2007
1990-10-01,1990,10,247210.6,PCU33441333441312,Semiconductor and related device manufacturing,Microprocessors including microcontrollers,BLS,USA,2007
1990-11-01,1990,11,247210.6,PCU33441333441312,Semiconductor and related device manufacturing,Microprocessors including microcontrollers,BLS,USA,2007
1990-12-01,1990,12,247210.6,PCU33441333441312,Semiconductor and related device manufacturing,Microprocessors including microcontrollers,BLS,USA,2007
1991-01-01,1991,1,247210.6,PCU33441333441312,Semiconductor and related device manufacturing,Microprocessors including microcontrollers,BLS,USA,2007
1991-02-01,1991,2,226429.3,PCU33441333441312,Semiconductor and related device manufacturing,Microprocessors including microcontrollers,BLS,USA,2007
1991-03-01,1991,3,231804.8,PCU33441333441312,Semiconductor and related device manufacturing,Microprocessors including microcontrollers,BLS,USA,2007
1991-04-01,1991,4,231804.8,PCU33441333441312,Semiconductor and related device manufacturing,Microprocessors including microcontrollers,BLS,USA,2007
1991-05-01,1991,5,228707.4,PCU33441333441312,Semiconductor and related device manufacturing,Microprocessors including microcontrollers,BLS,USA,2007
1991-06-01,1991,6,228707.4,PCU33441333441312,Semiconductor and related device manufacturing,Microprocessors including microcontrollers,BLS,USA,2007
1991-07-01,1991,7,219095.5,PCU33441333441312,Semiconductor and related device manufacturing,Microprocessors including microcontrollers,BLS,USA,2007
1991-08-01,1991,8,223388.3,PCU33441333441312,Semiconductor and related device manufacturing,Microprocessors including microcontrollers,BLS,USA,2007
1991-09-01,1991,9,214944.4,PCU33441333441312,Semiconductor and related device manufacturing,Microprocessors including microcontrollers,BLS,USA,2007
1991-10-01,1991,10,212889.2,PCU33441333441312,Semiconductor and related device manufacturing,Microprocessors including microcontrollers,BLS,USA,2007
1991-11-01,1991,11,216183.0,PCU33441333441312,Semiconductor and related device manufacturing,Microprocessors including microcontrollers,BLS,USA,2007
1991-12-01,1991,12,228664.5,PCU33441333441312,Semiconductor and related device manufacturing,Microprocessors including microcontrollers,BLS,USA,2007
1992-01-01,1992,1,221340.9,PCU33441333441312,Semiconductor and related device manufacturing,Microprocessors including microcontrollers,BLS,USA,2007
1992-02-01,1992,2,217349.3,PCU33441333441312,Semiconductor and related device manufacturing,Microprocessors including microcontrollers,BLS,USA,2007
1992-03-01,1992,3,222452.9,PCU33441333441312,Semiconductor and related device manufacturing,Microprocessors including microcontrollers,BLS,USA,2007
1992-04-01,1992,4,224377.5,PCU33441333441312,Semiconductor and related device manufacturing,Microprocessors including microcontrollers,BLS,USA,2007
1992-05-01,1992,5,224200.9,PCU33441333441312,Semiconductor and related device manufacturing,Microprocessors including microcontrollers,BLS,USA,2007
1992-06-01,1992,6,215880.4,PCU33441333441312,Semiconductor and related device manufacturing,Microprocessors including microcontrollers,BLS,USA,2007
1992-07-01,1992,7,211780.9,PCU33441333441312,Semiconductor and related device manufacturing,Microprocessors including microcontrollers,BLS,USA,2007
1992-08-01,1992,8,215155.2,PCU33441333441312,Semiconductor and related device manufacturing,Microprocessors including microcontrollers,BLS,USA,2007
1992-09-01,1992,9,210437.0,PCU33441333441312,Semiconductor and related device manufacturing,Microprocessors including microcontrollers,BLS,USA,2007
1992-10-01,1992,10,211348.0,PCU33441333441312,Semiconductor and related device manufacturing,Microprocessors including microcontrollers,BLS,USA,2007
1992-11-01,1992,11,209680.3,PCU33441333441312,Semiconductor and related device manufacturing,Microprocessors including microcontrollers,BLS,USA,2007
1992-12-01,1992,12,212571.8,PCU33441333441312,Semiconductor and related device manufacturing,Microprocessors including microcontrollers,BLS,USA,2007
1993-01-01,1993,1,205497.4,PCU33441333441312,Semiconductor and related device manufacturing,Microprocessors including microcontrollers,BLS,USA,2007
1993-02-01,1993,2,207518.6,PCU33441333441312,Semiconductor and related device manufacturing,Microprocessors including microcontrollers,BLS,USA,2007
1993-03-01,1993,3,207518.6,PCU33441333441312,Semiconductor and related device manufacturing,Microprocessors including microcontrollers,BLS,USA,2007
1993-04-01,1993,4,215806.0,PCU33441333441312,Semiconductor and related device manufacturing,Microprocessors including microcontrollers,BLS,USA,2007
1993-05-01,1993,5,215806.0,PCU33441333441312,Semiconductor and related device manufacturing,Microprocessors including microcontrollers,BLS,USA,2007
1993-06-01,1993,6,215806.0,PCU33441333441312,Semiconductor and related device manufacturing,Microprocessors including microcontrollers,BLS,USA,2007
1993-07-01,1993,7,215806.0,PCU33441333441312,Semiconductor and related device manufacturing,Microprocessors including microcontrollers,BLS,USA,2007
1993-08-01,1993,8,214253.8,PCU33441333441312,Semiconductor and related device manufacturing,Microprocessors including microcontrollers,BLS,USA,2007
1993-09-01,1993,9,217993.0,PCU33441333441312,Semiconductor and related device manufacturing,Microprocessors including microcontrollers,BLS,USA,2007
1993-10-01,1993,10,214253.8,PCU33441333441312,Semiconductor and related device manufacturing,Microprocessors including microcontrollers,BLS,USA,2007
1993-11-01,1993,11,223046.6,PCU33441333441312,Semiconductor and related device manufacturing,Microprocessors including microcontrollers,BLS,USA,2007
1993-12-01,1993,12,217993.4,PCU33441333441312,Semiconductor and related device manufacturing,Microprocessors including microcontrollers,BLS,USA,2007
1994-01-01,1994,1,223956.1,PCU33441333441312,Semiconductor and related device manufacturing,Microprocessors including microcontrollers,BLS,USA,2007
1994-02-01,1994,2,222844.4,PCU33441333441312,Semiconductor and related device manufacturing,Microprocessors including microcontrollers,BLS,USA,2007
1994-03-01,1994,3,217993.4,PCU33441333441312,Semiconductor and related device manufacturing,Microprocessors including microcontrollers,BLS,USA,2007
1994-04-01,1994,4,217993.4,PCU33441333441312,Semiconductor and related device manufacturing,Microprocessors including microcontrollers,BLS,USA,2007
1994-05-01,1994,5,211019.8,PCU33441333441312,Semiconductor and related device manufacturing,Microprocessors including microcontrollers,BLS,USA,2007
1994-06-01,1994,6,212535.7,PCU33441333441312,Semiconductor and related device manufacturing,Microprocessors including microcontrollers,BLS,USA,2007
1994-07-01,1994,7,208498.2,PCU33441333441312,Semiconductor and related device manufacturing,Microprocessors including microcontrollers,BLS,USA,2007
1994-08-01,1994,8,202037.8,PCU33441333441312,Semiconductor and related device manufacturing,Microprocessors including microcontrollers,BLS,USA,2007
1994-09-01,1994,9,200431.5,PCU33441333441312,Semiconductor and related device manufacturing,Microprocessors including microcontrollers,BLS,USA,2007
1994-10-01,1994,10,200680.0,PCU33441333441312,Semiconductor and related device manufacturing,Microprocessors including microcontrollers,BLS,USA,2007
1994-11-01,1994,11,196661.6,PCU33441333441312,Semiconductor and related device manufacturing,Microprocessors including microcontrollers,BLS,USA,2007
1994-12-01,1994,12,191851.3,PCU33441333441312,Semiconductor and related device manufacturing,Microprocessors including microcontrollers,BLS,USA,2007
1995-01-01,1995,1,189986.7,PCU33441333441312,Semiconductor and related device manufacturing,Microprocessors including microcontrollers,BLS,USA,2007
1995-02-01,1995,2,203923.5,PCU33441333441312,Semiconductor and related device manufacturing,Microprocessors including microcontrollers,BLS,USA,2007
1995-03-01,1995,3,171032.4,PCU33441333441312,Semiconductor and related device manufacturing,Microprocessors including microcontrollers,BLS,USA,2007
1995-04-01,1995,4,166996.1,PCU33441333441312,Semiconductor and related device manufacturing,Microprocessors including microcontrollers,BLS,USA,2007
1995-05-01,1995,5,164096.3,PCU33441333441312,Semiconductor and related device manufacturing,Microprocessors including microcontrollers,BLS,USA,2007
1995-06-01,1995,6,163554.8,PCU33441333441312,Semiconductor and related device manufacturing,Microprocessors including microcontrollers,BLS,USA,2007
1995-07-01,1995,7,155526.3,PCU33441333441312,Semiconductor and related device manufacturing,Microprocessors including microcontrollers,BLS,USA,2007
1995-08-01,1995,8,147472.3,PCU33441333441312,Semiconductor and related device manufacturing,Microprocessors including microcontrollers,BLS,USA,2007
1995-09-01,1995,9,145325.4,PCU33441333441312,Semiconductor and related device manufacturing,Microprocessors including microcontrollers,BLS,USA,2007
1995-10-01,1995,10,145325.4,PCU33441333441312,Semiconductor and related device manufacturing,Microprocessors including microcontrollers,BLS,USA,2007
1995-11-01,1995,11,145325.4,PCU33441333441312,Semiconductor and related device manufacturing,Microprocessors including microcontrollers,BLS,USA,2007
1995-12-01,1995,12,137794.6,PCU33441333441312,Semiconductor and related device manufacturing,Microprocessors including microcontrollers,BLS,USA,2007
1996-01-01,1996,1,137794.6,PCU33441333441312,Semiconductor and related device manufacturing,Microprocessors including microcontrollers,BLS,USA,2007
1996-02-01,1996,2,123464.5,PCU33441333441312,Semiconductor and related device manufacturing,Microprocessors including microcontrollers,BLS,USA,2007
1996-03-01,1996,3,119693.4,PCU33441333441312,Semiconductor and related device manufacturing,Microprocessors including microcontrollers,BLS,USA,2007
1996-04-01,1996,4,120258.1,PCU33441333441312,Semiconductor and related device manufacturing,Microprocessors including microcontrollers,BLS,USA,2007
1996-05-01,1996,5,127388.1,PCU33441333441312,Semiconductor and related device manufacturing,Microprocessors including microcontrollers,BLS,USA,2007
1996-06-01,1996,6,127191.8,PCU33441333441312,Semiconductor and related device manufacturing,Microprocessors including microcontrollers,BLS,USA,2007
1996-07-01,1996,7,131970.8,PCU33441333441312,Semiconductor and related device manufacturing,Microprocessors including microcontrollers,BLS,USA,2007
1996-08-01,1996,8,131970.8,PCU33441333441312,Semiconductor and related device manufacturing,Microprocessors including microcontrollers,BLS,USA,2007
1996-09-01,1996,9,131970.8,PCU33441333441312,Semiconductor and related device manufacturing,Microprocessors including microcontrollers,BLS,USA,2007
1996-10-01,1996,10,123246.5,PCU33441333441312,Semiconductor and related device manufacturing,Microprocessors including microcontrollers,BLS,USA,2007
1996-11-01,1996,11,123246.5,PCU33441333441312,Semiconductor and related device manufacturing,Microprocessors including microcontrollers,BLS,USA,2007
1996-12-01,1996,12,123246.5,PCU33441333441312,Semiconductor and related device manufacturing,Microprocessors including microcontrollers,BLS,USA,2007
1997-01-01,1997,1,122562.1,PCU33441333441312,Semiconductor and related device manufacturing,Microprocessors including microcontrollers,BLS,USA,2007
1997-02-01,1997,2,110034.9,PCU33441333441312,Semiconductor and related device manufacturing,Microprocessors including microcontrollers,BLS,USA,2007
1997-03-01,1997,3,109922.9,PCU33441333441312,Semiconductor and related device manufacturing,Microprocessors including microcontrollers,BLS,USA,2007
1997-04-01,1997,4,109085.6,PCU33441333441312,Semiconductor and related device manufacturing,Microprocessors including microcontrollers,BLS,USA,2007
1997-05-01,1997,5,86160.5,PCU33441333441312,Semiconductor and related device manufacturing,Microprocessors including microcontrollers,BLS,USA,2007
1997-06-01,1997,6,86160.5,PCU33441333441312,Semiconductor and related device manufacturing,Microprocessors including microcontrollers,BLS,USA,2007
1997-07-01,1997,7,86694.3,PCU33441333441312,Semiconductor and related device manufacturing,Microprocessors including microcontrollers,BLS,USA,2007
1997-08-01,1997,8,53405.0,PCU33441333441312,Semiconductor and related device manufacturing,Microprocessors including microcontrollers,BLS,USA,2007
1997-09-01,1997,9,53411.5,PCU33441333441312,Semiconductor and related device manufacturing,Microprocessors including microcontrollers,BLS,USA,2007
1997-10-01,1997,10,53411.5,PCU33441333441312,Semiconductor and related device manufacturing,Microprocessors including microcontrollers,BLS,USA,2007
1997-11-01,1997,11,46121.8,PCU33441333441312,Semiconductor and related device manufacturing,Microprocessors including microcontrollers,BLS,USA,2007
1997-12-01,1997,12,46121.8,PCU33441333441312,Semiconductor and related device manufacturing,Microprocessors including microcontrollers,BLS,USA,2007
1998-01-01,1998,1,43477.6,PCU33441333441312,Semiconductor and related device manufacturing,Microprocessors including microcontrollers,BLS,USA,2007
1998-02-01,1998,2,36005.2,PCU33441333441312,Semiconductor and related device manufacturing,Microprocessors including microcontrollers,BLS,USA,2007
1998-03-01,1998,3,36005.2,PCU33441333441312,Semiconductor and related device manufacturing,Microprocessors including microcontrollers,BLS,USA,2007
1998-04-01,1998,4,34659.1,PCU33441333441312,Semiconductor and related device manufacturing,Microprocessors including microcontrollers,BLS,USA,2007
1998-05-01,1998,5,29658.4,PCU33441333441312,Semiconductor and related device manufacturing,Microprocessors including microcontrollers,BLS,USA,2007
1998-06-01,1998,6,26545.5,PCU33441333441312,Semiconductor and related device manufacturing,Microprocessors including microcontrollers,BLS,USA,2007
1998-07-01,1998,7,26064.5,PCU33441333441312,Semiconductor and related device manufacturing,Microprocessors including microcontrollers,BLS,USA,2007
1998-08-01,1998,8,22961.8,PCU33441333441312,Semiconductor and related device manufacturing,Microprocessors including microcontrollers,BLS,USA,2007
1998-09-01,1998,9,19751.7,PCU33441333441312,Semiconductor and related device manufacturing,Microprocessors including microcontrollers,BLS,USA,2007
1998-10-01,1998,10,19603.8,PCU33441333441312,Semiconductor and related device manufacturing,Microprocessors including microcontrollers,BLS,USA,2007
1998-11-01,1998,11,17210.9,PCU33441333441312,Semiconductor and related device manufacturing,Microprocessors including microcontrollers,BLS,USA,2007
1998-12-01,1998,12,17210.9,PCU33441333441312,Semiconductor and related device manufacturing,Microprocessors including microcontrollers,BLS,USA,2007
1999-01-01,1999,1,15897.6,PCU33441333441312,Semiconductor and related device manufacturing,Microprocessors including microcontrollers,BLS,USA,2007
1999-02-01,1999,2,15558.2,PCU33441333441312,Semiconductor and related device manufacturing,Microprocessors including microcontrollers,BLS,USA,2007
1999-03-01,1999,3,13868.7,PCU33441333441312,Semiconductor and related device manufacturing,Microprocessors including microcontrollers,BLS,USA,2007
1999-04-01,1999,4,12865.0,PCU33441333441312,Semiconductor and related device manufacturing,Microprocessors including microcontrollers,BLS,USA,2007
1999-05-01,1999,5,11378.3,PCU33441333441312,Semiconductor and related device manufacturing,Microprocessors including microcontrollers,BLS,USA,2007
1999-06-01,1999,6,10886.2,PCU33441333441312,Semiconductor and related device manufacturing,Microprocessors including microcontrollers,BLS,USA,2007
1999-07-01,1999,7,10886.2,PCU33441333441312,Semiconductor and related device manufacturing,Microprocessors including microcontrollers,BLS,USA,2007
1999-08-01,1999,8,9872.3,PCU33441333441312,Semiconductor and related device manufacturing,Microprocessors including microcontrollers,BLS,USA,2007
1999-09-01,1999,9,7905.5,PCU33441333441312,Semiconductor and related device manufacturing,Microprocessors including microcontrollers,BLS,USA,2007
1999-10-01,1999,10,7905.5,PCU33441333441312,Semiconductor and related device manufacturing,Microprocessors including microcontrollers,BLS,USA,2007
1999-11-01,1999,11,7220.1,PCU33441333441312,Semiconductor and related device manufacturing,Microprocessors including microcontrollers,BLS,USA,2007
1999-12-01,1999,12,7057.8,PCU33441333441312,Semiconductor and related device manufacturing,Microprocessors including microcontrollers,BLS,USA,2007
2000-01-01,2000,1,7007.2,PCU33441333441312,Semiconductor and related device manufacturing,Microprocessors including microcontrollers,BLS,USA,2007
2000-02-01,2000,2,5849.9,PCU33441333441312,Semiconductor and related device manufacturing,Microprocessors including microcontrollers,BLS,USA,2007
2000-03-01,2000,3,4554.7,PCU33441333441312,Semiconductor and related device manufacturing,Microprocessors including microcontrollers,BLS,USA,2007
2000-04-01,2000,4,4549.8,PCU33441333441312,Semiconductor and related device manufacturing,Microprocessors including microcontrollers,BLS,USA,2007
2000-05-01,2000,5,3914.1,PCU33441333441312,Semiconductor and related device manufacturing,Microprocessors including microcontrollers,BLS,USA,2007
2000-06-01,2000,6,3229.6,PCU33441333441312,Semiconductor and related device manufacturing,Microprocessors including microcontrollers,BLS,USA,2007
2000-07-01,2000,7,3241.6,PCU33441333441312,Semiconductor and related device manufacturing,Microprocessors including microcontrollers,BLS,USA,2007
2000-08-01,2000,8,2952.8,PCU33441333441312,Semiconductor and related device manufacturing,Microprocessors including microcontrollers,BLS,USA,2007
2000-09-01,2000,9,2609.1,PCU33441333441312,Semiconductor and related device manufacturing,Microprocessors including microcontrollers,BLS,USA,2007
2000-10-01,2000,10,2501.8,PCU33441333441312,Semiconductor and related device manufacturing,Microprocessors including microcontrollers,BLS,USA,2007
2000-11-01,2000,11,2162.9,PCU33441333441312,Semiconductor and related device manufacturing,Microprocessors including microcontrollers,BLS,USA,2007
2000-12-01,2000,12,2103.0,PCU33441333441312,Semiconductor and related device manufacturing,Microprocessors including microcontrollers,BLS,USA,2007
2001-01-01,2001,1,2099.3,PCU33441333441312,Semiconductor and related device manufacturing,Microprocessors including microcontrollers,BLS,USA,2007
2001-02-01,2001,2,1932.3,PCU33441333441312,Semiconductor and related device manufacturing,Microprocessors including microcontrollers,BLS,USA,2007
2001-03-01,2001,3,1854.6,PCU33441333441312,Semiconductor and related device manufacturing,Microprocessors including microcontrollers,BLS,USA,2007
2001-04-01,2001,4,1801.8,PCU33441333441312,Semiconductor and related device manufacturing,Microprocessors including microcontrollers,BLS,USA,2007
2001-05-01,2001,5,1725.5,PCU33441333441312,Semiconductor and related device manufacturing,Microprocessors including microcontrollers,BLS,USA,2007
2001-06-01,2001,6,1608.2,PCU33441333441312,Semiconductor and related device manufacturing,Microprocessors including microcontrollers,BLS,USA,2007
2001-07-01,2001,7,1608.2,PCU33441333441312,Semiconductor and related device manufacturing,Microprocessors including microcontrollers,BLS,USA,2007
2001-08-01,2001,8,1597.7,PCU33441333441312,Semiconductor and related device manufacturing,Microprocessors including microcontrollers,BLS,USA,2007
2001-09-01,2001,9,1406.4,PCU33441333441312,Semiconductor and related device manufacturing,Microprocessors including microcontrollers,BLS,USA,2007
2001-10-01,2001,10,1406.4,PCU33441333441312,Semiconductor and related device manufacturing,Microprocessors including microcontrollers,BLS,USA,2007
2001-11-01,2001,11,1406.4,PCU33441333441312,Semiconductor and related device manufacturing,Microprocessors including microcontrollers,BLS,USA,2007
2001-12-01,2001,12,1289.1,PCU33441333441312,Semiconductor and related device manufacturing,Microprocessors including microcontrollers,BLS,USA,2007
2002-01-01,2002,1,1193.5,PCU33441333441312,Semiconductor and related device manufacturing,Microprocessors including microcontrollers,BLS,USA,2007
2002-02-01,2002,2,1074.7,PCU33441333441312,Semiconductor and related device manufacturing,Microprocessors including microcontrollers,BLS,USA,2007
2002-03-01,2002,3,1043.2,PCU33441333441312,Semiconductor and related device manufacturing,Microprocessors including microcontrollers,BLS,USA,2007
2002-04-01,2002,4,1037.3,PCU33441333441312,Semiconductor and related device manufacturing,Microprocessors including microcontrollers,BLS,USA,2007
2002-05-01,2002,5,982.9,PCU33441333441312,Semiconductor and related device manufacturing,Microprocessors including microcontrollers,BLS,USA,2007
2002-06-01,2002,6,850.2,PCU33441333441312,Semiconductor and related device manufacturing,Microprocessors including microcontrollers,BLS,USA,2007
2002-07-01,2002,7,847.8,PCU33441333441312,Semiconductor and related device manufacturing,Microprocessors including microcontrollers,BLS,USA,2007
2002-08-01,2002,8,840.9,PCU33441333441312,Semiconductor and related device manufacturing,Microprocessors including microcontrollers,BLS,USA,2007
2002-09-01,2002,9,786.4,PCU33441333441312,Semiconductor and related device manufacturing,Microprocessors including microcontrollers,BLS,USA,2007
2002-10-01,2002,10,786.4,PCU33441333441312,Semiconductor and related device manufacturing,Microprocessors including microcontrollers,BLS,USA,2007
2002-11-01,2002,11,701.7,PCU33441333441312,Semiconductor and related device manufacturing,Microprocessors including microcontrollers,BLS,USA,2007
2002-12-01,2002,12,687.2,PCU33441333441312,Semiconductor and related device manufacturing,Microprocessors including microcontrollers,BLS,USA,2007
2003-01-01,2003,1,687.2,PCU33441333441312,Semiconductor and related device manufacturing,Microprocessors including microcontrollers,BLS,USA,2007
2003-02-01,2003,2,680.8,PCU33441333441312,Semiconductor and related device manufacturing,Microprocessors including microcontrollers,BLS,USA,2007
2003-03-01,2003,3,578.4,PCU33441333441312,Semiconductor and related device manufacturing,Microprocessors including microcontrollers,BLS,USA,2007
2003-04-01,2003,4,578.4,PCU33441333441312,Semiconductor and related device manufacturing,Microprocessors including microcontrollers,BLS,USA,2007
2003-05-01,2003,5,500.3,PCU33441333441312,Semiconductor and related device manufacturing,Microprocessors including microcontrollers,BLS,USA,2007
2003-06-01,2003,6,420.0,PCU33441333441312,Semiconductor and related device manufacturing,Microprocessors including microcontrollers,BLS,USA,2007
2003-07-01,2003,7,417.9,PCU33441333441312,Semiconductor and related device manufacturing,Microprocessors including microcontrollers,BLS,USA,2007
2003-08-01,2003,8,415.2,PCU33441333441312,Semiconductor and related device manufacturing,Microprocessors including microcontrollers,BLS,USA,2007
2003-09-01,2003,9,376.0,PCU33441333441312,Semiconductor and related device manufacturing,Microprocessors including microcontrollers,BLS,USA,2007
2003-10-01,2003,10,362.8,PCU33441333441312,Semiconductor and related device manufacturing,Microprocessors including microcontrollers,BLS,USA,2007
2003-11-01,2003,11,324.8,PCU33441333441312,Semiconductor and related device manufacturing,Microprocessors including microcontrollers,BLS,USA,2007
2003-12-01,2003,12,324.8,PCU33441333441312,Semiconductor and related device manufacturing,Microprocessors including microcontrollers,BLS,USA,2007
2004-01-01,2004,1,324.8,PCU33441333441312,Semiconductor and related device manufacturing,Microprocessors including microcontrollers,BLS,USA,2007
2004-02-01,2004,2,324.8,PCU33441333441312,Semiconductor and related device manufacturing,Microprocessors including microcontrollers,BLS,USA,2007
2004-03-01,2004,3,307.1,PCU33441333441312,Semiconductor and related device manufacturing,Microprocessors including microcontrollers,BLS,USA,2007
2004-04-01,2004,4,291.4,PCU33441333441312,Semiconductor and related device manufacturing,Microprocessors including microcontrollers,BLS,USA,2007
2004-05-01,2004,5,291.4,PCU33441333441312,Semiconductor and related device manufacturing,Microprocessors including microcontrollers,BLS,USA,2007
2004-06-01,2004,6,289.2,PCU33441333441312,Semiconductor and related device manufacturing,Microprocessors including microcontrollers,BLS,USA,2007
2004-07-01,2004,7,289.2,PCU33441333441312,Semiconductor and related device manufacturing,Microprocessors including microcontrollers,BLS,USA,2007
2004-08-01,2004,8,281.6,PCU33441333441312,Semiconductor and related device manufacturing,Microprocessors including microcontrollers,BLS,USA,2007
2004-09-01,2004,9,248.0,PCU33441333441312,Semiconductor and related device manufacturing,Microprocessors including microcontrollers,BLS,USA,2007
2004-10-01,2004,10,248.0,PCU33441333441312,Semiconductor and related device manufacturing,Microprocessors including microcontrollers,BLS,USA,2007
2004-11-01,2004,11,244.4,PCU33441333441312,Semiconductor and related device manufacturing,Microprocessors including microcontrollers,BLS,USA,2007
2004-12-01,2004,12,244.4,PCU33441333441312,Semiconductor and related device manufacturing,Microprocessors including microcontrollers,BLS,USA,2007
2005-01-01,2005,1,244.4,PCU33441333441312,Semiconductor and related device manufacturing,Microprocessors including microcontrollers,BLS,USA,2007
2005-02-01,2005,2,237.9,PCU33441333441312,Semiconductor and related device manufacturing,Microprocessors including microcontrollers,BLS,USA,2007
2005-03-01,2005,3,232.5,PCU33441333441312,Semiconductor and related device manufacturing,Microprocessors including microcontrollers,BLS,USA,2007
2005-04-01,2005,4,232.5,PCU33441333441312,Semiconductor and related device manufacturing,Microprocessors including microcontrollers,BLS,USA,2007
2005-05-01,2005,5,231.1,PCU33441333441312,Semiconductor and related device manufacturing,Microprocessors including microcontrollers,BLS,USA,2007
2005-06-01,2005,6,231.1,PCU33441333441312,Semiconductor and related device manufacturing,Microprocessors including microcontrollers,BLS,USA,2007
2005-07-01,2005,7,231.1,PCU33441333441312,Semiconductor and related device manufacturing,Microprocessors including microcontrollers,BLS,USA,2007
2005-08-01,2005,8,220.1,PCU33441333441312,Semiconductor and related device manufacturing,Microprocessors including microcontrollers,BLS,USA,2007
2005-09-01,2005,9,191.4,PCU33441333441312,Semiconductor and related device manufacturing,Microprocessors including microcontrollers,BLS,USA,2007
2005-10-01,2005,10,191.4,PCU33441333441312,Semiconductor and related device manufacturing,Microprocessors including microcontrollers,BLS,USA,2007
2005-11-01,2005,11,190.4,PCU33441333441312,Semiconductor and related device manufacturing,Microprocessors including microcontrollers,BLS,USA,2007
2005-12-01,2005,12,190.4,PCU33441333441312,Semiconductor and related device manufacturing,Microprocessors including microcontrollers,BLS,USA,2007
2006-01-01,2006,1,186.3,PCU33441333441312,Semiconductor and related device manufacturing,Microprocessors including microcontrollers,BLS,USA,2007
2006-02-01,2006,2,185.4,PCU33441333441312,Semiconductor and related device manufacturing,Microprocessors including microcontrollers,BLS,USA,2007
2006-03-01,2006,3,185.4,PCU33441333441312,Semiconductor and related device manufacturing,Microprocessors including microcontrollers,BLS,USA,2007
2006-04-01,2006,4,185.4,PCU33441333441312,Semiconductor and related device manufacturing,Microprocessors including microcontrollers,BLS,USA,2007
2006-05-01,2006,5,168.1,PCU33441333441312,Semiconductor and related device manufacturing,Microprocessors including microcontrollers,BLS,USA,2007
2006-06-01,2006,6,157.0,PCU33441333441312,Semiconductor and related device manufacturing,Microprocessors including microcontrollers,BLS,USA,2007
2006-07-01,2006,7,157.0,PCU33441333441312,Semiconductor and related device manufacturing,Microprocessors including microcontrollers,BLS,USA,2007
2006-08-01,2006,8,133.2,PCU33441333441312,Semiconductor and related device manufacturing,Microprocessors including microcontrollers,BLS,USA,2007
2006-09-01,2006,9,133.2,PCU33441333441312,Semiconductor and related device manufacturing,Microprocessors including microcontrollers,BLS,USA,2007
2006-10-01,2006,10,133.2,PCU33441333441312,Semiconductor and related device manufacturing,Microprocessors including microcontrollers,BLS,USA,2007
2006-11-01,2006,11,125.4,PCU33441333441312,Semiconductor and related device manufacturing,Microprocessors including microcontrollers,BLS,USA,2007
2006-12-01,2006,12,125.4,PCU33441333441312,Semiconductor and related device manufacturing,Microprocessors including microcontrollers,BLS,USA,2007
2007-01-01,2007,1,125.4,PCU33441333441312,Semiconductor and related device manufacturing,Microprocessors including microcontrollers,BLS,USA,2007
2007-02-01,2007,2,114.8,PCU33441333441312,Semiconductor and related device manufacturing,Microprocessors including microcontrollers,BLS,USA,2007
2007-03-01,2007,3,114.8,PCU33441333441312,Semiconductor and related device manufacturing,Microprocessors including microcontrollers,BLS,USA,2007
2007-04-01,2007,4,113.4,PCU33441333441312,Semiconductor and related device manufacturing,Microprocessors including microcontrollers,BLS,USA,2007
2007-05-01,2007,5,100.1,PCU33441333441312,Semiconductor and related device manufacturing,Microprocessors including microcontrollers,BLS,USA,2007
2007-06-01,2007,6,100.0,PCU33441333441312,Semiconductor and related device manufacturing,Microprocessors including microcontrollers,BLS,USA,2007
2007-07-01,2007,7,99.7,PCU33441333441312,Semiconductor and related device manufacturing,Microprocessors including microcontrollers,BLS,USA,2007
2007-08-01,2007,8,92.3,PCU33441333441312,Semiconductor and related device manufacturing,Microprocessors including microcontrollers,BLS,USA,2007
2007-09-01,2007,9,82.7,PCU33441333441312,Semiconductor and related device manufacturing,Microprocessors including microcontrollers,BLS,USA,2007
2007-10-01,2007,10,82.5,PCU33441333441312,Semiconductor and related device manufacturing,Microprocessors including microcontrollers,BLS,USA,2007
2007-11-01,2007,11,80.6,PCU33441333441312,Semiconductor and related device manufacturing,Microprocessors including microcontrollers,BLS,USA,2007
2007-12-01,2007,12,80.6,PCU33441333441312,Semiconductor and related device manufacturing,Microprocessors including microcontrollers,BLS,USA,2007
2008-01-01,2008,1,77.8,PCU33441333441312,Semiconductor and related device manufacturing,Microprocessors including microcontrollers,BLS,USA,2007
2008-02-01,2008,2,76.7,PCU33441333441312,Semiconductor and related device manufacturing,Microprocessors including microcontrollers,BLS,USA,2007
2008-03-01,2008,3,75.9,PCU33441333441312,Semiconductor and related device manufacturing,Microprocessors including microcontrollers,BLS,USA,2007
2008-04-01,2008,4,74.2,PCU33441333441312,Semiconductor and related device manufacturing,Microprocessors including microcontrollers,BLS,USA,2007
2008-05-01,2008,5,74.2,PCU33441333441312,Semiconductor and related device manufacturing,Microprocessors including microcontrollers,BLS,USA,2007
2008-06-01,2008,6,74.2,PCU33441333441312,Semiconductor and related device manufacturing,Microprocessors including microcontrollers,BLS,USA,2007
2008-07-01,2008,7,74.1,PCU33441333441312,Semiconductor and related device manufacturing,Microprocessors including microcontrollers,BLS,USA,2007
2008-08-01,2008,8,72.3,PCU33441333441312,Semiconductor and related device manufacturing,Microprocessors including microcontrollers,BLS,USA,2007
2008-09-01,2008,9,72.3,PCU33441333441312,Semiconductor and related device manufacturing,Microprocessors including microcontrollers,BLS,USA,2007
2008-10-01,2008,10,72.3,PCU33441333441312,Semiconductor and related device manufacturing,Microprocessors including microcontrollers,BLS,USA,2007
2008-11-01,2008,11,69.0,PCU33441333441312,Semiconductor and related device manufacturing,Microprocessors including microcontrollers,BLS,USA,2007
2008-12-01,2008,12,68.9,PCU33441333441312,Semiconductor and related device manufacturing,Microprocessors including microcontrollers,BLS,USA,2007
2009-01-01,2009,1,66.7,PCU33441333441312,Semiconductor and related device manufacturing,Microprocessors including microcontrollers,BLS,USA,2007
2009-02-01,2009,2,66.6,PCU33441333441312,Semiconductor and related device manufacturing,Microprocessors including microcontrollers,BLS,USA,2007
2009-03-01,2009,3,66.6,PCU33441333441312,Semiconductor and related device manufacturing,Microprocessors including microcontrollers,BLS,USA,2007
2009-04-01,2009,4,65.1,PCU33441333441312,Semiconductor and related device manufacturing,Microprocessors including microcontrollers,BLS,USA,2007
2009-05-01,2009,5,65.1,PCU33441333441312,Semiconductor and related device manufacturing,Microprocessors including microcontrollers,BLS,USA,2007
2009-06-01,2009,6,60.9,PCU33441333441312,Semiconductor and related device manufacturing,Microprocessors including microcontrollers,BLS,USA,2007
2009-07-01,2009,7,60.0,PCU33441333441312,Semiconductor and related device manufacturing,Microprocessors including microcontrollers,BLS,USA,2007
2009-08-01,2009,8,60.0,PCU33441333441312,Semiconductor and related device manufacturing,Microprocessors including microcontrollers,BLS,USA,2007
2009-09-01,2009,9,57.8,PCU33441333441312,Semiconductor and related device manufacturing,Microprocessors including microcontrollers,BLS,USA,2007
2009-10-01,2009,10,57.6,PCU33441333441312,Semiconductor and related device manufacturing,Microprocessors including microcontrollers,BLS,USA,2007
2009-11-01,2009,11,57.5,PCU33441333441312,Semiconductor and related device manufacturing,Microprocessors including microcontrollers,BLS,USA,2007
2009-12-01,2009,12,57.5,PCU33441333441312,Semiconductor and related device manufacturing,Microprocessors including microcontrollers,BLS,USA,2007
2010-01-01,2010,1,57.4,PCU33441333441312,Semiconductor and related device manufacturing,Microprocessors including microcontrollers,BLS,USA,2007
2010-02-01,2010,2,57.4,PCU33441333441312,Semiconductor and related device manufacturing,Microprocessors including microcontrollers,BLS,USA,2007
2010-03-01,2010,3,56.5,PCU33441333441312,Semiconductor and related device manufacturing,Microprocessors including microcontrollers,BLS,USA,2007
2010-04-01,2010,4,56.5,PCU33441333441312,Semiconductor and related device manufacturing,Microprocessors including microcontrollers,BLS,USA,2007
2010-05-01,2010,5,56.5,PCU33441333441312,Semiconductor and related device manufacturing,Microprocessors including microcontrollers,BLS,USA,2007
2010-06-01,2010,6,56.4,PCU33441333441312,Semiconductor and related device manufacturing,Microprocessors including microcontrollers,BLS,USA,2007
2010-07-01,2010,7,56.0,PCU33441333441312,Semiconductor and related device manufacturing,Microprocessors including microcontrollers,BLS,USA,2007
2010-08-01,2010,8,55.3,PCU33441333441312,Semiconductor and related device manufacturing,Microprocessors including microcontrollers,BLS,USA,2007
2010-09-01,2010,9,53.9,PCU33441333441312,Semiconductor and related device manufacturing,Microprocessors including microcontrollers,BLS,USA,2007
2010-10-01,2010,10,53.9,PCU33441333441312,Semiconductor and related device manufacturing,Microprocessors including microcontrollers,BLS,USA,2007
2010-11-01,2010,11,54.2,PCU33441333441312,Semiconductor and related device manufacturing,Microprocessors including microcontrollers,BLS,USA,2007
2010-12-01,2010,12,54.1,PCU33441333441312,Semiconductor and related device manufacturing,Microprocessors including microcontrollers,BLS,USA,2007
2011-01-01,2011,1,53.0,PCU33441333441312,Semiconductor and related device manufacturing,Microprocessors including microcontrollers,BLS,USA,2007
2011-02-01,2011,2,53.0,PCU33441333441312,Semiconductor and related device manufacturing,Microprocessors including microcontrollers,BLS,USA,2007
2011-03-01,2011,3,53.0,PCU33441333441312,Semiconductor and related device manufacturing,Microprocessors including microcontrollers,BLS,USA,2007
2011-04-01,2011,4,52.9,PCU33441333441312,Semiconductor and related device manufacturing,Microprocessors including microcontrollers,BLS,USA,2007
2011-05-01,2011,5,53.0,PCU33441333441312,Semiconductor and related device manufacturing,Microprocessors including microcontrollers,BLS,USA,2007
2011-06-01,2011,6,52.7,PCU33441333441312,Semiconductor and related device manufacturing,Microprocessors including microcontrollers,BLS,USA,2007
2011-07-01,2011,7,51.5,PCU33441333441312,Semiconductor and related device manufacturing,Microprocessors including microcontrollers,BLS,USA,2007
2011-08-01,2011,8,51.6,PCU33441333441312,Semiconductor and related device manufacturing,Microprocessors including microcontrollers,BLS,USA,2007
2011-09-01,2011,9,51.6,PCU33441333441312,Semiconductor and related device manufacturing,Microprocessors including microcontrollers,BLS,USA,2007
2011-10-01,2011,10,51.2,PCU33441333441312,Semiconductor and related device manufacturing,Microprocessors including microcontrollers,BLS,USA,2007
2011-11-01,2011,11,51.1,PCU33441333441312,Semiconductor and related device manufacturing,Microprocessors including microcontrollers,BLS,USA,2007
2011-12-01,2011,12,51.1,PCU33441333441312,Semiconductor and related device manufacturing,Microprocessors including microcontrollers,BLS,USA,2007
2012-01-01,2012,1,51.1,PCU33441333441312,Semiconductor and related device manufacturing,Microprocessors including microcontrollers,BLS,USA,2007
2012-02-01,2012,2,51.0,PCU33441333441312,Semiconductor and related device manufacturing,Microprocessors including microcontrollers,BLS,USA,2007
2012-03-01,2012,3,51.0,PCU33441333441312,Semiconductor and related device manufacturing,Microprocessors including microcontrollers,BLS,USA,2007
2012-04-01,2012,4,51.0,PCU33441333441312,Semiconductor and related device manufacturing,Microprocessors including microcontrollers,BLS,USA,2007
2012-05-01,2012,5,51.0,PCU33441333441312,Semiconductor and related device manufacturing,Microprocessors including microcontrollers,BLS,USA,2007
2012-06-01,2012,6,50.7,PCU33441333441312,Semiconductor and related device manufacturing,Microprocessors including microcontrollers,BLS,USA,2007
2012-07-01,2012,7,50.7,PCU33441333441312,Semiconductor and related device manufacturing,Microprocessors including microcontrollers,BLS,USA,2007
2012-08-01,2012,8,50.4,PCU33441333441312,Semiconductor and related device manufacturing,Microprocessors including microcontrollers,BLS,USA,2007
2012-09-01,2012,9,50.5,PCU33441333441312,Semiconductor and related device manufacturing,Microprocessors including microcontrollers,BLS,USA,2007
2012-10-01,2012,10,50.4,PCU33441333441312,Semiconductor and related device manufacturing,Microprocessors including microcontrollers,BLS,USA,2007
2012-11-01,2012,11,50.0,PCU33441333441312,Semiconductor and related device manufacturing,Microprocessors including microcontrollers,BLS,USA,2007
2012-12-01,2012,12,49.9,PCU33441333441312,Semiconductor and related device manufacturing,Microprocessors including microcontrollers,BLS,USA,2007
2013-01-01,2013,1,49.8,PCU33441333441312,Semiconductor and related device manufacturing,Microprocessors including microcontrollers,BLS,USA,2007
2013-02-01,2013,2,49.7,PCU33441333441312,Semiconductor and related device manufacturing,Microprocessors including microcontrollers,BLS,USA,2007
2013-03-01,2013,3,48.7,PCU33441333441312,Semiconductor and related device manufacturing,Microprocessors including microcontrollers,BLS,USA,2007
2013-04-01,2013,4,48.7,PCU33441333441312,Semiconductor and related device manufacturing,Microprocessors including microcontrollers,BLS,USA,2007
2013-05-01,2013,5,48.7,PCU33441333441312,Semiconductor and related device manufacturing,Microprocessors including microcontrollers,BLS,USA,2007
2013-06-01,2013,6,48.6,PCU33441333441312,Semiconductor and related device manufacturing,Microprocessors including microcontrollers,BLS,USA,2007
2013-07-01,2013,7,48.6,PCU33441333441312,Semiconductor and related device manufacturing,Microprocessors including microcontrollers,BLS,USA,2007
2013-08-01,2013,8,48.6,PCU33441333441312,Semiconductor and related device manufacturing,Microprocessors including microcontrollers,BLS,USA,2007
2013-09-01,2013,9,48.6,PCU33441333441312,Semiconductor and related device manufacturing,Microprocessors including microcontrollers,BLS,USA,2007
2013-10-01,2013,10,48.6,PCU33441333441312,Semiconductor and related device manufacturing,Microprocessors including microcontrollers,BLS,USA,2007
2013-11-01,2013,11,48.5,PCU33441333441312,Semiconductor and related device manufacturing,Microprocessors including microcontrollers,BLS,USA,2007
2013-12-01,2013,12,48.4,PCU33441333441312,Semiconductor and related device manufacturing,Microprocessors including microcontrollers,BLS,USA,2007
2014-01-01,2014,1,46.8,PCU33441333441312,Semiconductor and related device manufacturing,Microprocessors including microcontrollers,BLS,USA,2007
2014-02-01,2014,2,46.8,PCU33441333441312,Semiconductor and related device manufacturing,Microprocessors including microcontrollers,BLS,USA,2007
2014-03-01,2014,3,46.8,PCU33441333441312,Semiconductor and related device manufacturing,Microprocessors including microcontrollers,BLS,USA,2007
2014-04-01,2014,4,46.4,PCU33441333441312,Semiconductor and related device manufacturing,Microprocessors including microcontrollers,BLS,USA,2007
2014-05-01,2014,5,46.4,PCU33441333441312,Semiconductor and related device manufacturing,Microprocessors including microcontrollers,BLS,USA,2007
2014-06-01,2014,6,46.4,PCU33441333441312,Semiconductor and related device manufacturing,Microprocessors including microcontrollers,BLS,USA,2007
2014-07-01,2014,7,46.3,PCU33441333441312,Semiconductor and related device manufacturing,Microprocessors including microcontrollers,BLS,USA,2007
2014-08-01,2014,8,46.3,PCU33441333441312,Semiconductor and related device manufacturing,Microprocessors including microcontrollers,BLS,USA,2007
2014-09-01,2014,9,46.3,PCU33441333441312,Semiconductor and related device manufacturing,Microprocessors including microcontrollers,BLS,USA,2007
2014-10-01,2014,10,46.3,PCU33441333441312,Semiconductor and related device manufacturing,Microprocessors including microcontrollers,BLS,USA,2007
2014-11-01,2014,11,46.3,PCU33441333441312,Semiconductor and related device manufacturing,Microprocessors including microcontrollers,BLS,USA,2007
2014-12-01,2014,12,46.3,PCU33441333441312,Semiconductor and related device manufacturing,Microprocessors including microcontrollers,BLS,USA,2007
2015-01-01,2015,1,46.3,PCU33441333441312,Semiconductor and related device manufacturing,Microprocessors including microcontrollers,BLS,USA,2007
2015-02-01,2015,2,46.3,PCU33441333441312,Semiconductor and related device manufacturing,Microprocessors including microcontrollers,BLS,USA,2007
2015-03-01,2015,3,46.1,PCU33441333441312,Semiconductor and related device manufacturing,Microprocessors including microcontrollers,BLS,USA,2007
